136,1,MOVE
136,3,NORMAL
137,1,ENLARGE
137,2,MOVE
139,1,MOVE
140,2,NORMAL
141,2,MOVE
143,3,NORMAL
143,2,NORMAL
145,1,MOVE
145,3,SHRINK
146,3,MOVE
146,2,MOVE
146,3,MOVE
147,2,MOVE
147,1,MOVE
148,3,NORMAL
149,1,ENLARGE
150,2,ENLARGE
150,2,NORMAL
151,2,ENLARGE
151,2,NORMAL
151,3,MOVE
151,1,MOVE
152,2,ROTATE
154,3,MOVE
154,1,NORMAL
155,3,NORMAL
157,1,MOVE
157,3,MOVE
158,2,MOVE
158,3,SHRINK
159,1,MOVE
160,1,NORMAL
161,3,MOVE
162,3,NORMAL
163,2,MOVE
164,1,MOVE
164,2,NORMAL
166,1,MOVE
168,1,NORMAL
168,3,NORMAL
171,1,MOVE
172,3,MOVE
174,2,MOVE
175,3,MOVE
176,3,MOVE
176,2,MOVE
177,1,MOVE
177,3,MOVE
178,2,NORMAL
178,1,NORMAL
179,3,SHRINK
180,3,ENLARGE
180,1,MOVE
180,2,NORMAL
181,3,MOVE
182,2,MOVE
183,1,MOVE
184,1,MOVE
184,2,MOVE
186,2,NORMAL
186,1,NORMAL
187,3,NORMAL
187,1,MOVE
188,3,MOVE
189,1,MOVE
189,3,MOVE
191,1,MOVE
191,3,NORMAL
192,1,MOVE
193,1,MOVE
193,2,MOVE
194,1,MOVE
194,2,MOVE
195,2,MOVE
196,1,MOVE
196,2,MOVE
197,3,MOVE
198,1,NORMAL
198,2,MOVE
199,3,MOVE
199,1,MOVE
199,2,MOVE
201,2,MOVE
201,3,MOVE
202,1,SHRINK
202,1,NORMAL
203,1,ROTATE
203,2,NORMAL
204,3,MOVE
205,1,NORMAL
206,3,NORMAL
206,1,MOVE
207,2,MOVE
207,3,MOVE
207,1,MOVE
209,1,NORMAL
209,1,ROTATE
210,1,MOVE
213,3,SHRINK
213,2,MOVE
215,1,MOVE
215,3,NORMAL
216,3,MOVE
216,2,MOVE
218,3,MOVE
219,1,MOVE
220,1,MOVE
220,3,NORMAL
221,1,NORMAL
221,2,MOVE
221,3,MOVE
222,3,MOVE
223,2,NORMAL
224,3,MOVE
224,1,MOVE
225,1,MOVE
226,1,MOVE
226,2,MOVE
227,1,NORMAL
228,3,MOVE
230,2,MOVE
231,3,MOVE
231,2,MOVE
232,2,MOVE
233,1,MOVE
233,3,ENLARGE
233,2,MOVE
234,1,NORMAL
235,1,SAVE
235,1,INIT_STAGE2
235,1,INTERACTION_TIME
235,1,SLIP_INTERACTION
235,2,INTERACTION_TIME
235,2,SLIP_INTERACTION
235,3,INTERACTION_TIME
235,3,SLIP_INTERACTION
235,2,SHRINK
235,3,MOVE
262,1,MOVE
267,1,MOVE
268,1,MOVE
271,2,CREATE_OBJECT
285,1,MOVE
288,3,MOVE
290,1,MOVE
317,1,ENTER_GROUP_NAME
320,3,MOVE
345,2,MOVE
481,1,MOVE
481,2,MOVE
481,3,MOVE
483,1,CREATE_OBJECT
493,1,ENTER_GROUP_NAME
499,1,MOVE
499,2,NORMAL
501,3,MOVE
502,1,MOVE
503,2,MOVE
504,1,MOVE
506,2,MOVE
507,1,MOVE
508,3,SHRINK
508,3,NORMAL
508,2,MOVE
508,3,ROTATE
509,1,MOVE
509,3,MOVE
511,2,MOVE
512,2,NORMAL
514,3,MOVE
516,1,SHRINK
518,1,ENLARGE
518,1,NORMAL
518,1,ROTATE
520,3,MOVE
520,1,MOVE
521,3,MOVE
521,2,NORMAL
523,1,SHRINK
523,2,SHRINK
523,3,MOVE
525,1,MOVE
526,2,MOVE
527,2,ENLARGE
530,1,ADD_OBJ_TO_GROUP
530,1,SHRINK
530,1,MOVE
531,2,NORMAL
532,2,NORMAL
532,3,MOVE
532,2,NORMAL
532,1,MOVE
534,3,MOVE
534,2,NORMAL
535,2,NORMAL
537,1,ENLARGE
539,2,ROTATE
539,1,ADD_OBJ_TO_GROUP
539,1,SHRINK
539,1,MOVE
540,3,MOVE
541,2,SHRINK
542,1,REMOVE_OBJ_FROM_GROUP
542,1,REMOVE_OBJ_FROM_GROUP
542,1,MOVE
543,3,MOVE
544,1,NORMAL
546,1,MOVE
553,2,MOVE
557,2,CREATE_OBJECT
557,3,MOVE
559,2,MOVE
591,2,MOVE
594,2,MOVE
594,2,MOVE
597,3,NORMAL
599,3,ROTATE
602,1,ENTER_GROUP_NAME
604,2,DELETE_GROUP
605,3,MOVE
606,3,MOVE
606,1,MOVE
610,2,MOVE
613,1,MOVE
613,1,MOVE
615,1,MOVE
617,1,NORMAL
617,1,ROTATE
618,1,MOVE
620,1,MOVE
626,3,MOVE
627,3,MOVE
628,1,MOVE
631,1,MOVE
634,2,MOVE
635,1,CREATE_OBJECT
636,2,MOVE
650,1,ENTER_GROUP_NAME
652,2,MOVE
654,1,MOVE
657,3,MOVE
658,1,MOVE
659,1,MOVE
660,1,MOVE
661,1,MOVE
662,1,MOVE
662,1,MOVE
663,3,MOVE
664,1,MOVE
665,1,MOVE
666,3,ADD_OBJ_TO_GROUP
666,3,SHRINK
666,3,MOVE
666,1,REMOVE_OBJ_FROM_GROUP
666,1,REMOVE_OBJ_FROM_GROUP
666,1,MOVE
668,3,NORMAL
668,1,MOVE
668,1,REMOVE_OBJ_FROM_GROUP
668,3,REMOVE_OBJ_FROM_GROUP
670,1,MOVE
671,1,ADD_OBJ_TO_GROUP
671,1,SHRINK
671,1,MOVE
671,3,MOVE
671,1,MOVE
672,1,ENLARGE
672,1,NORMAL
672,1,ENLARGE
672,1,ROTATE
674,1,MOVE
676,1,NORMAL
677,1,MOVE
678,1,MOVE
679,3,MOVE
679,1,MOVE
681,1,MOVE
681,1,MOVE
681,3,MOVE
683,3,MOVE
685,1,REMOVE_OBJ_FROM_GROUP
685,1,REMOVE_OBJ_FROM_GROUP
685,1,MOVE
686,3,MOVE
687,3,MOVE
687,3,MOVE
690,2,CREATE_OBJECT
703,1,ENTER_GROUP_NAME
705,1,MOVE
707,3,ADD_OBJ_TO_GROUP
707,3,SHRINK
707,3,MOVE
709,3,MOVE
710,1,MOVE
711,3,MOVE
711,1,MOVE
712,3,MOVE
712,1,NORMAL
713,1,ROTATE
716,2,MOVE
718,3,MOVE
719,3,MOVE
719,3,MOVE
721,2,MOVE
722,2,ADD_OBJ_TO_GROUP
722,2,SHRINK
722,2,MOVE
723,1,MOVE
723,2,MOVE
725,2,MOVE
731,3,MOVE
731,1,NORMAL
735,3,MOVE
735,3,MOVE
739,3,ADD_OBJ_TO_GROUP
739,3,SHRINK
739,3,MOVE
740,2,SHRINK
741,3,ADD_OBJ_TO_GROUP
741,3,SHRINK
741,3,MOVE
743,1,MOVE
743,3,MOVE
744,1,MOVE
746,3,MOVE
751,1,MOVE
756,3,MOVE
758,3,MOVE
759,1,MOVE
762,3,MOVE
764,3,MOVE
764,1,MOVE
765,3,MOVE
767,1,ADD_OBJ_TO_GROUP
767,1,SHRINK
767,1,MOVE
770,1,MOVE
773,3,MOVE
773,3,MOVE
775,2,MOVE
776,3,MOVE
776,2,MOVE
776,2,MOVE
777,2,MOVE
779,2,MOVE
781,1,MOVE
781,2,SHRINK
781,2,NORMAL
782,2,ROTATE
785,3,MOVE
786,1,ADD_OBJ_TO_GROUP
786,1,SHRINK
786,1,MOVE
787,1,MOVE
788,1,MOVE
790,1,REMOVE_OBJ_FROM_GROUP
790,1,REMOVE_OBJ_FROM_GROUP
790,1,MOVE
790,2,MOVE
791,1,MOVE
791,3,MOVE
792,3,MOVE
792,1,MOVE
793,1,REMOVE_OBJ_FROM_GROUP
793,1,REMOVE_OBJ_FROM_GROUP
793,1,MOVE
794,3,NORMAL
803,3,MOVE
805,3,MOVE
806,1,MOVE
807,3,MOVE
807,1,MOVE
808,3,ADD_OBJ_TO_GROUP
808,3,SHRINK
808,3,MOVE
808,1,MOVE
808,3,MOVE
809,1,MOVE
810,3,MOVE
810,2,MOVE
811,3,MOVE
812,2,SHRINK
812,3,MOVE
812,1,MOVE
815,2,ADD_OBJ_TO_GROUP
815,2,SHRINK
815,2,MOVE
816,1,MOVE
816,2,MOVE
817,3,MOVE
817,1,MOVE
818,1,REMOVE_OBJ_FROM_GROUP
818,2,REMOVE_OBJ_FROM_GROUP
818,2,MOVE
819,1,NORMAL
821,3,MOVE
823,2,MOVE
824,3,MOVE
827,2,MOVE
828,2,NORMAL
828,2,ROTATE
832,2,SHRINK
836,3,MOVE
839,2,ADD_OBJ_TO_GROUP
839,2,SHRINK
839,2,MOVE
840,2,MOVE
841,1,ADD_OBJ_TO_GROUP
841,1,SHRINK
841,1,MOVE
844,3,MOVE
844,1,MOVE
845,1,NORMAL
847,3,MOVE
848,1,MOVE
855,2,MOVE
860,2,MOVE
861,3,MOVE
863,1,MOVE
878,3,MOVE
879,1,ADD_OBJ_TO_GROUP
879,1,SHRINK
879,1,MOVE
881,2,MOVE
881,1,MOVE
881,3,MOVE
883,2,MOVE
884,2,SHRINK
887,3,MOVE
888,2,MOVE
888,1,ADD_OBJ_TO_GROUP
888,1,SHRINK
888,1,MOVE
889,2,NORMAL
890,1,NORMAL
892,2,MOVE
893,2,SHRINK
896,1,SHRINK
897,1,MOVE
897,3,MOVE
900,1,MOVE
902,2,ADD_OBJ_TO_GROUP
902,2,SHRINK
902,2,MOVE
907,3,ADD_OBJ_TO_GROUP
907,3,SHRINK
907,3,MOVE
911,1,MOVE
913,3,MOVE
913,2,MOVE
914,3,MOVE
917,1,MOVE
920,1,MOVE
922,1,NORMAL
925,3,MOVE
931,2,MOVE
932,1,ADD_OBJ_TO_GROUP
932,1,SHRINK
932,1,MOVE
934,2,MOVE
934,1,MOVE
935,2,ADD_OBJ_TO_GROUP
935,2,SHRINK
935,2,MOVE
937,1,ADD_OBJ_TO_GROUP
937,1,SHRINK
937,1,MOVE
938,3,MOVE
939,1,MOVE
941,1,MOVE
956,1,SHRINK
959,1,REMOVE_OBJ_FROM_GROUP
959,2,REMOVE_OBJ_FROM_GROUP
959,2,ADD_OBJ_TO_GROUP
959,2,SHRINK
959,2,MOVE
961,1,MOVE
961,3,MOVE
961,3,NORMAL
962,3,ROTATE
962,2,SHRINK
963,1,ADD_OBJ_TO_GROUP
963,1,SHRINK
963,1,MOVE
963,2,SHRINK
964,3,MOVE
965,3,MOVE
965,2,ADD_OBJ_TO_GROUP
965,2,SHRINK
965,2,MOVE
966,1,NORMAL
969,3,MOVE
972,3,MOVE
976,1,ADD_OBJ_TO_GROUP
976,1,SHRINK
976,1,MOVE
977,1,MOVE
979,1,MOVE
981,1,MOVE
981,3,NORMAL
982,3,NORMAL
982,3,ROTATE
983,3,MOVE
985,2,MOVE
987,2,NORMAL
989,2,ROTATE
990,1,ADD_OBJ_TO_GROUP
990,1,SHRINK
990,1,MOVE
994,1,MOVE
995,1,MOVE
998,2,MOVE
999,3,MOVE
1000,2,MOVE
1003,1,MOVE
1005,2,MOVE
1005,1,MOVE
1008,3,MOVE
1008,2,MOVE
1009,3,MOVE
1010,3,MOVE
1011,1,ADD_OBJ_TO_GROUP
1011,1,SHRINK
1011,1,MOVE
1016,3,ADD_OBJ_TO_GROUP
1016,3,SHRINK
1016,3,MOVE
1017,1,REMOVE_OBJ_FROM_GROUP
1017,3,REMOVE_OBJ_FROM_GROUP
1017,3,MOVE
1018,2,MOVE
1020,1,MOVE
1022,1,ADD_OBJ_TO_GROUP
1022,1,SHRINK
1022,1,MOVE
1023,2,MOVE
1026,3,MOVE
1027,3,MOVE
1027,2,MOVE
1028,3,MOVE
1028,3,MOVE
1028,2,MOVE
1028,1,ADD_OBJ_TO_GROUP
1028,1,SHRINK
1028,1,MOVE
1030,2,NORMAL
1033,2,SHRINK
1033,2,NORMAL
1035,1,MOVE
1035,2,MOVE
1037,2,SHRINK
1039,2,ADD_OBJ_TO_GROUP
1039,2,SHRINK
1039,2,MOVE
1052,2,MOVE
1054,2,MOVE
1054,3,MOVE
1057,1,ADD_OBJ_TO_GROUP
1057,1,SHRINK
1057,1,MOVE
1058,3,MOVE
1059,2,MOVE
1060,3,MOVE
1064,3,MOVE
1068,2,MOVE
1068,1,ADD_OBJ_TO_GROUP
1068,1,SHRINK
1068,1,MOVE
1070,2,MOVE
1071,1,MOVE
1073,2,MOVE
1083,2,SHRINK
1083,1,MOVE
1084,2,ADD_OBJ_TO_GROUP
1084,2,SHRINK
1084,2,MOVE
1088,1,MOVE
1094,2,MOVE
1095,2,SHRINK
1097,2,ADD_OBJ_TO_GROUP
1097,2,SHRINK
1097,2,MOVE
1097,1,SAVE
1097,1,INIT_STAGE3
1097,1,INTERACTION_TIME
1097,1,SLIP_INTERACTION
1097,1,GROUP_INTERACTION
1097,1,NOTES_INTERACTION
1097,1,REL_INTERACTION
1097,2,INTERACTION_TIME
1097,2,SLIP_INTERACTION
1097,2,GROUP_INTERACTION
1097,2,NOTES_INTERACTION
1097,2,REL_INTERACTION
1097,3,INTERACTION_TIME
1097,3,SLIP_INTERACTION
1097,3,GROUP_INTERACTION
1097,3,NOTES_INTERACTION
1097,3,REL_INTERACTION
1103,2,MOVE
1129,2,MOVE
1130,1,MOVE
1130,2,MOVE
1131,1,REMOVE_OBJ_FROM_GROUP
1131,1,REMOVE_OBJ_FROM_GROUP
1131,1,MOVE
1131,1,REMOVE_OBJ_FROM_GROUP
1131,1,REMOVE_OBJ_FROM_GROUP
1131,1,MOVE
1132,2,MOVE
1132,3,MOVE
1132,1,REMOVE_OBJ_FROM_GROUP
1132,1,REMOVE_OBJ_FROM_GROUP
1132,1,MOVE
1133,1,REMOVE_OBJ_FROM_GROUP
1133,2,REMOVE_OBJ_FROM_GROUP
1133,2,MOVE
1133,1,DELETE_GROUP
1133,1,REMOVE_OBJ_FROM_GROUP
1133,2,REMOVE_OBJ_FROM_GROUP
1133,2,MOVE
1134,1,REMOVE_OBJ_FROM_GROUP
1134,3,REMOVE_OBJ_FROM_GROUP
1134,3,MOVE
1134,2,NORMAL
1134,1,REMOVE_OBJ_FROM_GROUP
1134,2,REMOVE_OBJ_FROM_GROUP
1135,2,ADD_OBJ_TO_GROUP
1135,2,SHRINK
1135,1,MOVE
1135,1,REMOVE_OBJ_FROM_GROUP
1135,2,REMOVE_OBJ_FROM_GROUP
1135,2,MOVE
1136,3,MOVE
1136,1,REMOVE_OBJ_FROM_GROUP
1136,2,REMOVE_OBJ_FROM_GROUP
1136,2,MOVE
1136,1,REMOVE_OBJ_FROM_GROUP
1136,1,REMOVE_OBJ_FROM_GROUP
1136,1,MOVE
1136,1,REMOVE_OBJ_FROM_GROUP
1136,1,REMOVE_OBJ_FROM_GROUP
1136,1,MOVE
1136,1,REMOVE_OBJ_FROM_GROUP
1136,3,REMOVE_OBJ_FROM_GROUP
1136,3,MOVE
1137,1,REMOVE_OBJ_FROM_GROUP
1137,2,REMOVE_OBJ_FROM_GROUP
1137,2,MOVE
1137,1,REMOVE_OBJ_FROM_GROUP
1137,1,REMOVE_OBJ_FROM_GROUP
1137,1,MOVE
1137,2,MOVE
1138,1,REMOVE_OBJ_FROM_GROUP
1138,1,REMOVE_OBJ_FROM_GROUP
1138,1,MOVE
1138,1,REMOVE_OBJ_FROM_GROUP
1138,3,REMOVE_OBJ_FROM_GROUP
1138,3,MOVE
1138,1,REMOVE_OBJ_FROM_GROUP
1138,1,REMOVE_OBJ_FROM_GROUP
1138,1,MOVE
1138,2,MOVE
1139,1,REMOVE_OBJ_FROM_GROUP
1139,3,REMOVE_OBJ_FROM_GROUP
1139,3,MOVE
1139,1,REMOVE_OBJ_FROM_GROUP
1139,1,REMOVE_OBJ_FROM_GROUP
1139,1,MOVE
1139,1,REMOVE_OBJ_FROM_GROUP
1139,1,REMOVE_OBJ_FROM_GROUP
1139,1,MOVE
1140,1,REMOVE_OBJ_FROM_GROUP
1140,2,REMOVE_OBJ_FROM_GROUP
1140,2,MOVE
1140,1,REMOVE_OBJ_FROM_GROUP
1140,3,REMOVE_OBJ_FROM_GROUP
1140,3,MOVE
1140,1,REMOVE_OBJ_FROM_GROUP
1140,3,REMOVE_OBJ_FROM_GROUP
1140,3,MOVE
1140,2,MOVE
1140,1,DELETE_GROUP
1141,2,MOVE
1141,1,REMOVE_OBJ_FROM_GROUP
1141,3,REMOVE_OBJ_FROM_GROUP
1141,3,MOVE
1141,2,SHRINK
1142,1,REMOVE_OBJ_FROM_GROUP
1142,2,REMOVE_OBJ_FROM_GROUP
1142,1,REMOVE_OBJ_FROM_GROUP
1142,3,REMOVE_OBJ_FROM_GROUP
1142,3,MOVE
1142,1,MOVE
1143,3,MOVE
1144,2,MOVE
1145,1,DELETE_GROUP
1145,1,REMOVE_OBJ_FROM_GROUP
1145,2,REMOVE_OBJ_FROM_GROUP
1145,2,MOVE
1146,2,DELETE_GROUP
1150,1,MOVE
1150,3,MOVE
1151,2,MOVE
1151,1,NORMAL
1152,3,NORMAL
1153,1,MOVE
1153,1,ADD_OBJ_TO_GROUP
1153,1,SHRINK
1153,2,MOVE
1153,3,ADD_OBJ_TO_GROUP
1153,3,SHRINK
1153,3,MOVE
1154,1,REMOVE_OBJ_FROM_GROUP
1154,1,REMOVE_OBJ_FROM_GROUP
1154,1,MOVE
1155,2,MOVE
1156,1,REMOVE_OBJ_FROM_GROUP
1156,1,REMOVE_OBJ_FROM_GROUP
1156,1,MOVE
1157,2,MOVE
1158,2,MOVE
1158,2,MOVE
1158,1,MOVE
1160,2,MOVE
1160,2,MOVE
1161,1,MOVE
1163,2,MOVE
1165,1,MOVE
1166,2,MOVE
1167,1,NORMAL
1171,2,MOVE
1174,2,MOVE
1180,2,CREATE_OBJECT
1181,2,MOVE
1182,2,SHRINK
1185,2,CREATE_OBJECT
1187,3,MOVE
1193,2,MOVE
1195,1,MOVE
1197,3,MOVE
1198,3,MOVE
1199,1,MOVE
1199,2,CREATE_OBJECT
1199,2,UPDATE_RELATION
1199,2,MOVE
1201,2,MOVE
1202,1,SHRINK
1202,1,ROTATE
1203,2,DELETE_RELATION
1203,2,MOVE
1204,1,NORMAL
1207,2,MOVE
1207,2,MOVE
1208,1,MOVE
1209,1,MOVE
1209,2,MOVE
1211,1,MOVE
1211,2,CREATE_OBJECT
1211,2,UPDATE_RELATION
1211,2,MOVE
1212,1,MOVE
1213,1,MOVE
1214,1,MOVE
1216,1,NORMAL
1227,1,MOVE
1228,1,MOVE
1229,1,MOVE
1229,2,MOVE
1230,2,MOVE
1231,2,MOVE
1231,1,MOVE
1233,1,NORMAL
1233,2,MOVE
1235,2,MOVE
1236,2,NORMAL
1237,2,SHRINK
1238,1,MOVE
1238,3,NORMAL
1239,1,NORMAL
1240,3,MOVE
1242,1,MOVE
1244,2,DELETE_RELATION
1244,2,MOVE
1244,3,MOVE
1246,3,NORMAL
1247,3,ROTATE
1247,2,MOVE
1252,3,MOVE
1253,1,MOVE
1254,2,MOVE
1255,3,MOVE
1255,2,MOVE
1256,3,NORMAL
1256,2,MOVE
1258,3,NORMAL
1258,2,MOVE
1259,2,CREATE_OBJECT
1259,2,UPDATE_RELATION
1259,2,MOVE
1259,3,ROTATE
1259,2,DELETE_RELATION
1259,2,CREATE_OBJECT
1259,2,UPDATE_RELATION
1260,3,MOVE
1261,2,DELETE_RELATION
1261,2,CREATE_OBJECT
1261,2,UPDATE_RELATION
1262,2,DELETE_RELATION
1262,2,CREATE_OBJECT
1262,2,UPDATE_RELATION
1262,2,MOVE
1262,1,MOVE
1264,3,MOVE
1265,1,SHRINK
1265,2,UPDATE_RELATION
1265,2,MOVE
1266,1,MOVE
1267,1,MOVE
1268,2,MOVE
1270,3,MOVE
1271,1,UPDATE_RELATION
1271,1,CREATE_OBJECT
1271,1,UPDATE_RELATION
1271,1,MOVE
1272,2,DELETE_RELATION
1272,2,MOVE
1273,3,MOVE
1274,1,DELETE_RELATION
1274,1,MOVE
1275,2,MOVE
1276,1,CREATE_OBJECT
1277,3,SHRINK
1278,1,CREATE_OBJECT
1278,1,UPDATE_RELATION
1278,1,MOVE
1279,3,MOVE
1280,3,NORMAL
1281,3,MOVE
1283,3,NORMAL
1284,1,NORMAL
1284,3,ROTATE
1285,2,MOVE
1287,2,MOVE
1288,2,MOVE
1289,1,MOVE
1290,3,MOVE
1292,1,SHRINK
1295,3,MOVE
1295,1,MOVE
1296,3,NORMAL
1296,1,DELETE_RELATION
1296,1,CREATE_OBJECT
1296,1,UPDATE_RELATION
1297,3,MOVE
1298,3,NORMAL
1300,3,ROTATE
1304,1,NORMAL
1308,3,NORMAL
1309,3,MOVE
1311,3,MOVE
1316,3,NORMAL
1317,1,MOVE
1318,3,NORMAL
1318,1,MOVE
1319,3,ROTATE
1324,3,MOVE
1327,3,MOVE
1328,1,MOVE
1328,3,NORMAL
1329,1,MOVE
1330,1,MOVE
1330,3,ROTATE
1330,1,MOVE
1331,1,MOVE
1332,1,MOVE
1332,1,MOVE
1334,2,NORMAL
1335,2,ROTATE
1338,3,MOVE
1339,3,MOVE
1340,1,MOVE
1340,2,MOVE
1342,3,MOVE
1343,2,NORMAL
1344,3,MOVE
1345,2,NORMAL
1347,1,MOVE
1348,2,NORMAL
1349,3,CREATE_OBJECT
1349,1,SHRINK
1351,2,ROTATE
1351,1,MOVE
1352,2,MOVE
1354,2,MOVE
1355,3,UPDATE_RELATION
1355,3,MOVE
1355,1,MOVE
1356,2,MOVE
1357,2,NORMAL
1358,2,NORMAL
1359,3,CREATE_OBJECT
1361,3,MOVE
1362,2,ROTATE
1362,1,MOVE
1363,1,NORMAL
1364,3,UPDATE_RELATION
1364,3,MOVE
1364,2,MOVE
1366,2,MOVE
1367,2,NORMAL
1368,1,SHRINK
1368,2,NORMAL
1369,2,NORMAL
1370,2,NORMAL
1371,1,MOVE
1372,1,CREATE_OBJECT
1372,1,UPDATE_RELATION
1372,1,MOVE
1373,1,MOVE
1375,3,MOVE
1376,2,ROTATE
1378,1,MOVE
1379,2,MOVE
1381,1,MOVE
1382,1,MOVE
1388,3,MOVE
1389,3,NORMAL
1391,1,SHRINK
1393,1,MOVE
1396,3,NORMAL
1398,3,NORMAL
1398,1,MOVE
1400,1,MOVE
1400,3,SHRINK
1401,1,MOVE
1401,3,MOVE
1406,1,SHRINK
1408,3,MOVE
1409,1,MOVE
1409,3,MOVE
1410,3,MOVE
1413,3,MOVE
1414,3,MOVE
1416,2,CREATE_OBJECT
1417,1,MOVE
1419,1,MOVE
1422,2,MOVE
1427,2,CREATE_OBJECT
1429,3,MOVE
1429,2,SHRINK
1432,1,MOVE
1434,1,ENLARGE
1434,3,MOVE
1435,1,NORMAL
1439,1,MOVE
1440,3,NORMAL
1441,2,MOVE
1441,1,MOVE
1452,1,MOVE
1462,2,NORMAL
1467,2,MOVE
1468,1,MOVE
1469,1,MOVE
1470,2,SHRINK
1471,1,MOVE
1471,1,DELETE_RELATION
1471,1,UPDATE_RELATION
1471,1,MOVE
1473,2,MOVE
1473,1,UPDATE_RELATION
1473,1,UPDATE_RELATION
1473,1,MOVE
1475,1,MOVE
1476,1,MOVE
1478,1,MOVE
1479,3,MOVE
1479,2,UPDATE_RELATION
1479,2,MOVE
1480,3,NORMAL
1482,1,MOVE
1482,3,MOVE
1484,3,SHRINK
1485,3,MOVE
1486,3,MOVE
1487,3,MOVE
1488,1,MOVE
1493,1,MOVE
1493,1,MOVE
1494,1,MOVE
1497,3,MOVE
1498,1,MOVE
1499,3,MOVE
1500,1,NORMAL
1500,3,NORMAL
1502,1,SHRINK
1505,1,MOVE
1505,3,MOVE
1506,1,UPDATE_RELATION
1506,1,MOVE
1506,1,MOVE
1507,1,MOVE
1508,3,MOVE
1509,1,CREATE_OBJECT
1509,1,UPDATE_RELATION
1509,1,MOVE
1510,3,MOVE
1510,1,DELETE_RELATION
1510,1,CREATE_OBJECT
1510,1,UPDATE_RELATION
1510,1,MOVE
1514,2,NORMAL
1515,1,SHRINK
1516,3,MOVE
1517,1,NORMAL
1518,2,NORMAL
1518,3,MOVE
1520,1,MOVE
1520,2,MOVE
1521,2,SHRINK
1521,1,SHRINK
1523,3,MOVE
1523,2,MOVE
1523,1,MOVE
1524,2,SHRINK
1524,3,MOVE
1525,1,MOVE
1526,2,SHRINK
1527,1,MOVE
1527,2,MOVE
1529,2,MOVE
1530,2,MOVE
1530,1,CREATE_OBJECT
1531,3,MOVE
1532,1,CREATE_OBJECT
1532,1,UPDATE_RELATION
1532,1,MOVE
1534,3,MOVE
1535,3,MOVE
1537,3,MOVE
1540,2,MOVE
1541,3,MOVE
1542,3,MOVE
1542,1,MOVE
1542,3,MOVE
1543,3,MOVE
1544,3,NORMAL
1547,1,NORMAL
1548,3,MOVE
1550,1,SHRINK
1550,3,NORMAL
1552,1,MOVE
1552,2,MOVE
1553,2,SHRINK
1553,3,ROTATE
1553,1,MOVE
1555,1,MOVE
1555,2,MOVE
1555,1,MOVE
1555,3,MOVE
1556,1,DELETE_RELATION
1556,1,CREATE_OBJECT
1556,1,UPDATE_RELATION
1556,1,MOVE
1559,1,SHRINK
1560,1,MOVE
1564,3,UPDATE_RELATION
1564,3,MOVE
1565,1,MOVE
1568,1,MOVE
1568,1,MOVE
1570,1,NORMAL
1571,2,MOVE
1571,3,NORMAL
1572,1,MOVE
1573,2,SHRINK
1575,3,MOVE
1575,1,ENLARGE
1575,2,MOVE
1575,1,NORMAL
1576,1,ROTATE
1576,3,MOVE
1577,3,MOVE
1578,1,NORMAL
1579,3,MOVE
1579,1,SHRINK
1580,1,MOVE
1583,3,MOVE
1583,1,MOVE
1585,1,SHRINK
1585,3,CREATE_OBJECT
1587,3,UPDATE_RELATION
1587,3,MOVE
1588,1,MOVE
1589,2,MOVE
1590,2,MOVE
1591,1,MOVE
1592,2,UPDATE_RELATION
1592,2,UPDATE_RELATION
1592,2,MOVE
1596,3,CREATE_OBJECT
1596,1,MOVE
1597,2,MOVE
1598,2,UPDATE_RELATION
1598,2,MOVE
1599,2,MOVE
1600,2,UPDATE_RELATION
1600,2,MOVE
1600,3,UPDATE_RELATION
1600,3,MOVE
1601,1,NORMAL
1601,1,MOVE
1604,1,MOVE
1610,3,NORMAL
1611,3,SHRINK
1616,1,MOVE
1617,1,MOVE
1618,1,MOVE
1619,3,MOVE
1621,3,MOVE
1621,1,MOVE
1622,3,NORMAL
1623,1,MOVE
1623,3,ROTATE
1624,3,MOVE
1625,1,NORMAL
1627,1,MOVE
1628,2,MOVE
1629,2,NORMAL
1630,2,ROTATE
1631,2,MOVE
1631,1,MOVE
1632,2,MOVE
1635,3,MOVE
1635,2,MOVE
1635,1,MOVE
1636,3,NORMAL
1637,1,NORMAL
1637,3,MOVE
1637,2,MOVE
1638,2,NORMAL
1638,1,MOVE
1639,1,MOVE
1640,1,MOVE
1640,2,MOVE
1644,2,SHRINK
1647,2,MOVE
1649,1,SHRINK
1649,2,MOVE
1651,2,SHRINK
1652,1,MOVE
1653,2,NORMAL
1654,2,ROTATE
1656,2,SHRINK
1657,2,MOVE
1658,3,MOVE
1659,2,SHRINK
1665,2,MOVE
1666,2,NORMAL
1667,1,MOVE
1668,2,ROTATE
1669,2,MOVE
1670,3,MOVE
1671,1,MOVE
1671,3,MOVE
1672,2,MOVE
1673,3,NORMAL
1673,2,CREATE_OBJECT
1674,1,MOVE
1675,3,MOVE
1675,2,CREATE_OBJECT
1675,2,UPDATE_RELATION
1675,2,MOVE
1676,2,DELETE_RELATION
1676,2,CREATE_OBJECT
1676,2,UPDATE_RELATION
1676,2,MOVE
1677,2,CREATE_OBJECT
1679,1,SHRINK
1680,1,NORMAL
1680,2,MOVE
1680,1,NORMAL
1681,2,UPDATE_RELATION
1681,2,MOVE
1682,1,MOVE
1683,2,CREATE_OBJECT
1683,3,MOVE
1684,1,MOVE
1685,2,UPDATE_RELATION
1685,2,MOVE
1686,1,MOVE
1690,1,SHRINK
1690,3,MOVE
1692,1,MOVE
1692,2,MOVE
1693,1,MOVE
1695,2,MOVE
1695,1,MOVE
1698,2,CREATE_OBJECT
1698,1,MOVE
1700,1,UPDATE_RELATION
1700,1,CREATE_OBJECT
1700,1,UPDATE_RELATION
1700,1,MOVE
1700,2,MOVE
1702,1,MOVE
1704,1,MOVE
1720,2,MOVE
1723,1,NORMAL
1725,2,UPDATE_RELATION
1725,2,MOVE
1726,1,MOVE
1726,2,MOVE
1727,1,DELETE_RELATION
1727,1,MOVE
1728,1,MOVE
1729,2,MOVE
1730,2,MOVE
1732,1,MOVE
1733,3,MOVE
1733,2,CREATE_OBJECT
1733,2,UPDATE_RELATION
1733,2,MOVE
1734,1,MOVE
1734,3,MOVE
1735,2,DELETE_RELATION
1735,2,CREATE_OBJECT
1735,2,UPDATE_RELATION
1735,2,MOVE
1735,3,MOVE
1735,2,DELETE_RELATION
1735,2,CREATE_OBJECT
1735,2,UPDATE_RELATION
1735,2,MOVE
1737,2,MOVE
1738,3,MOVE
1739,3,DELETE_RELATION
1739,3,CREATE_OBJECT
1739,3,UPDATE_RELATION
1739,2,UPDATE_RELATION
1739,2,MOVE
1740,3,MOVE
1741,2,MOVE
1742,1,UPDATE_RELATION
1742,1,MOVE
1743,1,MOVE
1743,3,DELETE_RELATION
1743,3,CREATE_OBJECT
1743,3,UPDATE_RELATION
1743,3,MOVE
1743,1,MOVE
1744,1,DELETE_RELATION
1744,1,MOVE
1745,1,MOVE
1747,1,MOVE
1747,1,MOVE
1752,1,MOVE
1753,1,MOVE
1754,1,MOVE
1755,3,MOVE
1755,2,MOVE
1755,1,MOVE
1756,1,MOVE
1766,1,MOVE
1767,1,MOVE
1769,1,MOVE
1773,1,MOVE
1775,1,MOVE
1776,3,SHRINK
1777,1,MOVE
1779,3,MOVE
1780,1,MOVE
1781,3,CREATE_OBJECT
1783,3,UPDATE_RELATION
1783,3,MOVE
1784,1,MOVE
1786,1,MOVE
1787,2,ENLARGE
1787,2,DELETE_RELATION
1787,2,CREATE_OBJECT
1787,2,UPDATE_RELATION
1787,3,MOVE
1789,3,MOVE
1792,1,MOVE
1793,2,DELETE_RELATION
1796,2,MOVE
1801,2,MOVE
1806,3,CREATE_OBJECT
1807,1,MOVE
1814,3,UPDATE_RELATION
1814,3,MOVE
1817,3,MOVE
1820,3,MOVE
1821,1,MOVE
1826,2,MOVE
1827,2,SHRINK
1829,2,MOVE
1836,2,MOVE
1838,1,MOVE
1838,2,MOVE
1839,1,MOVE
1840,2,MOVE
1841,1,MOVE
1843,2,MOVE
1844,2,MOVE
1854,2,MOVE
1857,2,MOVE
1858,2,MOVE
1860,1,MOVE
1863,1,MOVE
1864,3,MOVE
1867,2,SHRINK
1868,1,MOVE
1869,1,MOVE
1871,2,MOVE
1871,1,MOVE
1872,3,NORMAL
1873,1,MOVE
1873,3,MOVE
1874,2,MOVE
1877,2,MOVE
1878,2,MOVE
1879,2,SHRINK
1886,2,MOVE
1891,3,ENLARGE
1893,2,MOVE
1894,3,MOVE
1895,2,MOVE
1896,3,MOVE
1897,2,ENLARGE
1898,2,MOVE
1899,3,MOVE
1899,2,ENLARGE
1900,2,NORMAL
1901,3,MOVE
1906,3,NORMAL
1907,2,ROTATE
1907,3,MOVE
1909,2,SHRINK
1910,2,MOVE
1912,1,MOVE
1915,3,MOVE
1916,2,CREATE_OBJECT
1917,3,MOVE
1918,2,UPDATE_RELATION
1918,2,MOVE
1920,3,ENLARGE
1920,2,CREATE_OBJECT
1920,1,MOVE
1921,3,MOVE
1923,2,CREATE_OBJECT
1924,1,MOVE
1925,2,CREATE_OBJECT
1926,1,MOVE
1926,1,MOVE
1928,1,MOVE
1928,2,CREATE_OBJECT
1928,2,UPDATE_RELATION
1928,1,MOVE
1930,1,MOVE
1930,3,NORMAL
1931,1,MOVE
1932,3,MOVE
1932,2,DELETE_RELATION
1932,2,MOVE
1933,2,MOVE
1934,1,MOVE
1936,2,CREATE_OBJECT
1936,2,UPDATE_RELATION
1936,2,MOVE
1936,3,NORMAL
1937,2,CREATE_OBJECT
1937,2,UPDATE_RELATION
1937,2,MOVE
1938,2,UPDATE_RELATION
1938,2,MOVE
1939,3,MOVE
1940,1,UPDATE_RELATION
1940,1,CREATE_OBJECT
1940,1,UPDATE_RELATION
1940,1,MOVE
1940,2,DELETE_RELATION
1940,3,MOVE
1941,2,DELETE_RELATION
1942,3,NORMAL
1942,1,MOVE
1943,2,MOVE
1944,1,MOVE
1945,2,MOVE
1945,1,MOVE
1946,1,MOVE
1948,3,NORMAL
1949,2,SHRINK
1950,3,NORMAL
1951,2,MOVE
1951,3,NORMAL
1953,2,DELETE_RELATION
1954,1,NORMAL
1954,1,ROTATE
1954,2,MOVE
1955,2,MOVE
1956,3,NORMAL
1956,2,MOVE
1957,1,NORMAL
1958,1,ROTATE
1959,1,MOVE
1959,3,NORMAL
1961,1,MOVE
1962,3,MOVE
1969,3,MOVE
1971,3,SHRINK
1979,1,MOVE
1980,3,MOVE
1981,1,MOVE
1982,1,MOVE
1982,3,SHRINK
1983,1,MOVE
1983,3,NORMAL
1984,3,MOVE
2006,1,MOVE
2012,1,MOVE
2014,1,MOVE
2015,1,MOVE
2018,1,MOVE
2019,2,UPDATE_RELATION
2019,2,UPDATE_RELATION
2019,2,MOVE
2019,2,MOVE
2021,1,MOVE
2022,2,UPDATE_RELATION
2022,2,CREATE_OBJECT
2022,2,UPDATE_RELATION
2022,2,MOVE
2024,2,MOVE
2025,2,DELETE_RELATION
2025,2,CREATE_OBJECT
2025,2,UPDATE_RELATION
2025,2,MOVE
2027,2,CREATE_OBJECT
2028,3,MOVE
2028,1,MOVE
2030,2,UPDATE_RELATION
2030,2,MOVE
2031,3,MOVE
2033,3,NORMAL
2034,2,DELETE_RELATION
2034,2,CREATE_OBJECT
2034,2,UPDATE_RELATION
2034,2,MOVE
2034,1,MOVE
2035,3,MOVE
2036,1,MOVE
2037,1,DELETE_RELATION
2037,1,CREATE_OBJECT
2037,1,UPDATE_RELATION
2037,1,MOVE
2038,2,MOVE
2038,1,DELETE_RELATION
2040,2,MOVE
2041,2,MOVE
2049,2,NORMAL
2051,2,ROTATE
2052,2,SHRINK
2056,2,MOVE
2058,2,MOVE
2058,1,MOVE
2060,1,ENLARGE
2061,2,MOVE
2062,1,MOVE
2067,1,MOVE
2069,2,MOVE
2072,2,MOVE
2073,2,SHRINK
2092,1,MOVE
2097,1,MOVE
2098,1,MOVE
2098,2,MOVE
2104,1,MOVE
2114,1,MOVE
2116,3,MOVE
2141,3,UPDATE_RELATION
2141,3,MOVE
2142,3,MOVE
2143,3,MOVE
2144,3,CREATE_OBJECT
2144,3,UPDATE_RELATION
2144,3,UPDATE_RELATION
2144,3,UPDATE_RELATION
2144,3,MOVE
2145,3,UPDATE_RELATION
2145,3,MOVE
2146,2,MOVE
2148,1,UPDATE_RELATION
2148,1,MOVE
2149,2,UPDATE_RELATION
2149,2,MOVE
2150,2,UPDATE_RELATION
2150,2,MOVE
2151,2,UPDATE_RELATION
2151,2,MOVE
2152,2,UPDATE_RELATION
2152,2,MOVE
2156,1,MOVE
2159,2,MOVE
2160,3,NORMAL
2160,2,MOVE
2161,2,MOVE
2161,3,MOVE
2161,2,NORMAL
2162,2,ROTATE
2163,2,MOVE
2164,2,MOVE
2164,1,MOVE
2164,3,MOVE
2165,2,MOVE
2167,2,CREATE_OBJECT
2167,2,UPDATE_RELATION
2167,2,MOVE
2167,1,MOVE
2169,1,SHRINK
2169,1,NORMAL
2169,1,ROTATE
2170,2,MOVE
2171,2,DELETE_RELATION
2171,2,CREATE_OBJECT
2171,2,UPDATE_RELATION
2171,2,MOVE
2172,1,MOVE
2174,2,MOVE
2175,1,NORMAL
2175,2,CREATE_OBJECT
2178,2,MOVE
2179,1,NORMAL
2180,2,CREATE_OBJECT
2180,2,UPDATE_RELATION
2180,2,MOVE
2181,2,DELETE_RELATION
2181,2,CREATE_OBJECT
2181,2,UPDATE_RELATION
2181,2,MOVE
2182,2,MOVE
2182,1,NORMAL
2183,1,ROTATE
2183,2,DELETE_RELATION
2183,2,UPDATE_RELATION
2183,2,MOVE
2184,2,MOVE
2186,1,NORMAL
2191,1,UPDATE_RELATION
2191,1,UPDATE_RELATION
2191,1,ROTATE
2192,1,MOVE
2195,1,NORMAL
2199,1,NORMAL
2200,1,ROTATE
2208,1,MOVE
2210,2,MOVE
2211,2,CREATE_OBJECT
2213,2,CREATE_OBJECT
2213,2,UPDATE_RELATION
2213,2,MOVE
2214,2,DELETE_RELATION
2214,2,UPDATE_RELATION
2214,2,MOVE
2215,2,UPDATE_RELATION
2215,2,UPDATE_RELATION
2216,2,CREATE_OBJECT
2218,2,MOVE
2219,2,MOVE
2220,2,UPDATE_RELATION
2220,2,MOVE
2221,2,UPDATE_RELATION
2221,2,UPDATE_RELATION
2221,2,MOVE
2223,2,MOVE
2224,2,MOVE
2230,1,MOVE
2234,3,NORMAL
2236,3,MOVE
2238,2,MOVE
2240,2,NORMAL
2241,2,ROTATE
2243,2,MOVE
2243,2,NORMAL
2244,2,ROTATE
2245,2,MOVE
2246,2,MOVE
2247,2,MOVE
2248,2,NORMAL
2250,2,ROTATE
2251,2,MOVE
2252,2,SHRINK
2254,2,MOVE
2255,2,UPDATE_RELATION
2255,2,MOVE
2257,2,MOVE
2257,3,UPDATE_RELATION
2257,3,UPDATE_RELATION
2258,3,MOVE
2258,2,MOVE
2259,3,MOVE
2260,3,MOVE
2260,2,UPDATE_RELATION
2260,2,CREATE_OBJECT
2260,2,UPDATE_RELATION
2260,2,MOVE
2260,3,MOVE
2261,3,DELETE_RELATION
2261,3,CREATE_OBJECT
2261,3,UPDATE_RELATION
2261,3,MOVE
2262,3,DELETE_RELATION
2262,3,CREATE_OBJECT
2262,3,UPDATE_RELATION
2262,3,MOVE
2263,3,MOVE
2264,3,MOVE
2265,3,MOVE
2266,3,NORMAL
2267,3,ROTATE
2270,3,CREATE_OBJECT
2271,1,NORMAL
2272,3,UPDATE_RELATION
2272,3,MOVE
2274,1,ROTATE
2275,2,UPDATE_RELATION
2275,2,MOVE
2277,2,MOVE
2278,1,MOVE
2279,2,NORMAL
2280,2,ROTATE
2281,1,UPDATE_RELATION
2281,1,MOVE
2282,2,MOVE
2284,2,MOVE
2286,3,MOVE
2287,2,MOVE
2290,2,MOVE
2295,3,MOVE
2303,3,MOVE
2303,1,CREATE_OBJECT
2303,1,UPDATE_RELATION
2303,1,MOVE
2304,3,NORMAL
2305,1,CREATE_OBJECT
2305,1,UPDATE_RELATION
2306,3,MOVE
2307,2,UPDATE_RELATION
2307,1,MOVE
2308,1,MOVE
2309,2,DELETE_RELATION
2309,1,MOVE
2310,1,MOVE
2311,3,SHRINK
2311,1,MOVE
2312,1,UPDATE_RELATION
2312,1,CREATE_OBJECT
2312,1,UPDATE_RELATION
2312,3,MOVE
2314,1,DELETE_RELATION
2314,1,UPDATE_RELATION
2314,2,MOVE
2315,1,MOVE
2316,2,UPDATE_RELATION
2317,2,MOVE
2317,2,DELETE_RELATION
2319,3,MOVE
2322,2,MOVE
2324,1,MOVE
2326,1,MOVE
2329,2,MOVE
2330,3,MOVE
2331,2,MOVE
2332,3,NORMAL
2345,3,MOVE
2346,2,ENLARGE
2346,2,NORMAL
2347,3,NORMAL
2348,2,MOVE
2348,3,MOVE
2349,2,SHRINK
2351,2,MOVE
2352,2,MOVE
2360,1,MOVE
2363,1,MOVE
2363,3,MOVE
2364,1,MOVE
2364,3,NORMAL
2366,3,NORMAL
2366,3,SHRINK
2369,3,MOVE
2370,1,MOVE
2371,3,CREATE_OBJECT
2371,1,MOVE
2373,3,UPDATE_RELATION
2373,3,MOVE
2375,3,CREATE_OBJECT
2379,3,UPDATE_RELATION
2379,3,MOVE
2385,2,MOVE
2385,1,MOVE
2386,2,SHRINK
2387,3,MOVE
2389,2,MOVE
2391,1,MOVE
2393,1,MOVE
2394,1,NORMAL
2395,1,MOVE
2396,2,MOVE
2396,1,MOVE
2397,2,MOVE
2398,1,MOVE
2415,1,MOVE
2416,3,MOVE
2418,1,MOVE
2419,3,MOVE
2421,3,MOVE
2424,1,MOVE
2430,1,NORMAL
2432,2,MOVE
2433,2,SHRINK
2435,2,MOVE
2438,2,CREATE_OBJECT
2440,2,UPDATE_RELATION
2440,2,MOVE
2442,2,MOVE
2446,3,MOVE
2447,3,NORMAL
2453,2,UPDATE_RELATION
2453,2,UPDATE_RELATION
2453,2,MOVE
2454,2,MOVE
2455,2,UPDATE_RELATION
2455,2,UPDATE_RELATION
2455,2,MOVE
2455,1,MOVE
2456,3,NORMAL
2456,2,MOVE
2456,1,MOVE
2458,3,MOVE
2458,1,ENLARGE
2459,2,UPDATE_RELATION
2459,2,UPDATE_RELATION
2459,2,MOVE
2459,3,SHRINK
2461,1,MOVE
2463,2,MOVE
2464,3,SHRINK
2465,2,MOVE
2466,3,MOVE
2466,2,MOVE
2467,3,NORMAL
2468,2,NORMAL
2470,1,MOVE
2472,1,MOVE
2472,3,MOVE
2474,3,NORMAL
2475,3,SHRINK
2477,3,MOVE
2479,3,CREATE_OBJECT
2482,3,UPDATE_RELATION
2482,3,MOVE
2486,1,MOVE
2487,1,MOVE
2490,2,MOVE
2491,2,SHRINK
2492,2,MOVE
2493,2,MOVE
2493,1,MOVE
2494,2,MOVE
2497,3,MOVE
2498,1,MOVE
2500,3,MOVE
2504,1,MOVE
2505,1,MOVE
2508,1,SHRINK
2509,1,NORMAL
2509,3,MOVE
2510,2,MOVE
2512,1,NORMAL
2518,3,MOVE
2519,3,NORMAL
2520,3,SHRINK
2523,2,MOVE
2523,1,MOVE
2524,1,MOVE
2524,2,MOVE
2524,1,MOVE
2525,2,NORMAL
2525,3,MOVE
2526,1,MOVE
2526,2,MOVE
2529,3,CREATE_OBJECT
2531,3,UPDATE_RELATION
2531,3,MOVE
2534,3,MOVE
2535,3,MOVE
2536,2,SHRINK
2536,3,MOVE
2536,1,MOVE
2537,2,MOVE
2537,3,MOVE
2541,1,MOVE
2542,3,MOVE
2543,1,MOVE
2546,2,NORMAL
2546,2,NORMAL
2547,3,CREATE_OBJECT
2552,3,UPDATE_RELATION
2552,3,MOVE
2553,3,UPDATE_RELATION
2553,3,UPDATE_RELATION
2555,3,UPDATE_RELATION
2555,3,UPDATE_RELATION
2555,3,MOVE
2555,2,MOVE
2559,2,MOVE
2560,2,SHRINK
2561,1,MOVE
2562,2,MOVE
2566,1,MOVE
2569,1,MOVE
2570,1,MOVE
2572,1,NORMAL
2573,1,MOVE
2578,3,NORMAL
2579,3,SHRINK
2580,1,NORMAL
2581,3,MOVE
2581,1,SHRINK
2582,3,MOVE
2584,1,MOVE
2584,1,MOVE
2586,1,MOVE
2586,1,MOVE
2588,1,MOVE
2590,3,MOVE
2594,2,MOVE
2594,1,MOVE
2595,2,MOVE
2595,2,MOVE
2596,1,MOVE
2596,2,MOVE
2596,3,CREATE_OBJECT
2597,2,MOVE
2598,3,UPDATE_RELATION
2598,3,MOVE
2598,1,MOVE
2599,2,MOVE
2599,3,NORMAL
2600,3,SHRINK
2601,2,MOVE
2602,3,SHRINK
2603,1,SHRINK
2603,1,NORMAL
2603,1,NORMAL
2603,1,ROTATE
2605,1,NORMAL
2605,3,NORMAL
2607,1,MOVE
2607,3,SHRINK
2615,2,MOVE
2617,2,NORMAL
2624,1,MOVE
2627,1,MOVE
2630,2,MOVE
2633,1,MOVE
2637,1,MOVE
2639,1,MOVE
2643,1,MOVE
2643,1,MOVE
2645,2,MOVE
2647,2,SHRINK
2647,1,MOVE
2649,2,MOVE
2649,1,NORMAL
2650,2,MOVE
2650,1,MOVE
2652,2,MOVE
2653,3,NORMAL
2656,3,MOVE
2656,1,MOVE
2657,1,MOVE
2658,3,MOVE
2659,1,MOVE
2659,3,SHRINK
2661,1,MOVE
2661,2,MOVE
2662,1,NORMAL
2662,3,CREATE_OBJECT
2663,3,CREATE_OBJECT
2663,3,UPDATE_RELATION
2663,3,MOVE
2664,2,MOVE
2665,2,MOVE
2667,2,DELETE_RELATION
2667,2,CREATE_OBJECT
2667,2,UPDATE_RELATION
2667,2,MOVE
2668,2,MOVE
2671,3,MOVE
2672,3,MOVE
2672,2,UPDATE_RELATION
2672,2,UPDATE_RELATION
2672,2,CREATE_OBJECT
2672,2,UPDATE_RELATION
2672,2,UPDATE_RELATION
2672,2,UPDATE_RELATION
2675,3,MOVE
2676,2,CREATE_OBJECT
2676,2,UPDATE_RELATION
2676,2,UPDATE_RELATION
2676,2,MOVE
2677,2,MOVE
2679,2,MOVE
2680,3,UPDATE_RELATION
2680,3,MOVE
2680,1,MOVE
2681,2,UPDATE_RELATION
2681,2,UPDATE_RELATION
2681,2,MOVE
2683,1,MOVE
2683,3,MOVE
2685,3,MOVE
2688,3,MOVE
2690,3,NORMAL
2691,3,SHRINK
2692,1,MOVE
2695,2,SHRINK
2699,1,MOVE
2700,1,NORMAL
2700,1,NORMAL
2700,2,SHRINK
2700,1,ROTATE
2701,1,MOVE
2702,2,SHRINK
2703,1,ENLARGE
2704,2,CREATE_OBJECT
2704,2,UPDATE_RELATION
2704,2,UPDATE_RELATION
2704,2,UPDATE_RELATION
2704,2,MOVE
2704,2,NORMAL
2704,2,CREATE_OBJECT
2704,2,UPDATE_RELATION
2704,2,UPDATE_RELATION
2704,2,UPDATE_RELATION
2705,1,MOVE
2705,2,CREATE_OBJECT
2705,2,UPDATE_RELATION
2705,2,UPDATE_RELATION
2705,2,UPDATE_RELATION
2705,2,MOVE
2706,3,DELETE_RELATION
2706,3,CREATE_OBJECT
2706,3,UPDATE_RELATION
2706,3,MOVE
2707,3,SHRINK
2709,3,MOVE
2710,2,UPDATE_RELATION
2710,2,UPDATE_RELATION
2710,2,MOVE
2711,3,MOVE
2712,3,DELETE_RELATION
2712,3,UPDATE_RELATION
2712,3,MOVE
2713,1,MOVE
2721,1,SHRINK
2723,3,MOVE
2723,1,MOVE
2724,3,MOVE
2724,1,MOVE
2727,3,MOVE
2731,3,CREATE_OBJECT
2732,2,MOVE
2732,3,UPDATE_RELATION
2732,3,MOVE
2732,1,MOVE
2734,2,MOVE
2735,1,MOVE
2741,2,SHRINK
2742,2,MOVE
2746,2,ENLARGE
2748,2,SHRINK
2748,1,MOVE
2751,1,MOVE
2752,1,MOVE
2755,2,MOVE
2760,2,MOVE
2762,1,MOVE
2763,2,MOVE
2763,2,MOVE
2765,2,SHRINK
2767,2,MOVE
2768,2,MOVE
2769,2,MOVE
2769,3,MOVE
2770,3,NORMAL
2772,1,MOVE
2773,3,MOVE
2773,1,MOVE
2773,2,NORMAL
2773,1,MOVE
2776,2,SHRINK
2779,2,MOVE
2779,3,MOVE
2780,2,UPDATE_RELATION
2780,2,MOVE
2781,3,NORMAL
2782,2,MOVE
2782,3,SHRINK
2784,2,UPDATE_RELATION
2784,2,MOVE
2785,3,MOVE
2787,3,CREATE_OBJECT
2788,1,MOVE
2789,3,MOVE
2789,2,NORMAL
2790,3,CREATE_OBJECT
2791,3,UPDATE_RELATION
2791,3,MOVE
2793,2,MOVE
2795,1,CREATE_OBJECT
2796,2,SHRINK
2797,1,UPDATE_RELATION
2797,1,MOVE
2799,2,MOVE
2800,2,MOVE
2800,2,SHRINK
2801,2,ROTATE
2803,2,MOVE
2804,2,MOVE
2806,3,MOVE
2809,3,CREATE_OBJECT
2811,3,UPDATE_RELATION
2811,3,MOVE
2814,1,MOVE
2816,2,MOVE
2817,1,CREATE_OBJECT
2818,2,CREATE_OBJECT
2819,1,UPDATE_RELATION
2819,1,MOVE
2820,2,UPDATE_RELATION
2820,2,MOVE
2822,3,MOVE
2919,1,MOVE
2932,2,MOVE
2990,1,CREATE_OBJECT
2990,1,UPDATE_NOTE
2990,1,SAVE
2990,1,CLOSING
2990,1,INTERACTION_TIME
2990,1,SLIP_INTERACTION
2990,1,GROUP_INTERACTION
2990,1,NOTES_INTERACTION
2990,1,REL_INTERACTION
2990,2,INTERACTION_TIME
2990,2,SLIP_INTERACTION
2990,2,GROUP_INTERACTION
2990,2,NOTES_INTERACTION
2990,2,REL_INTERACTION
2990,3,INTERACTION_TIME
2990,3,SLIP_INTERACTION
2990,3,GROUP_INTERACTION
2990,3,NOTES_INTERACTION
2990,3,REL_INTERACTION
2990,1,UPDATE_NOTE
2990,1,UPDATE_NOTE
