51,2,MOVE
77,2,SHRINK
81,2,MOVE
89,1,ENLARGE
103,1,SHRINK
108,3,MOVE
115,3,MOVE
122,3,MOVE
125,1,MOVE
128,1,MOVE
132,3,MOVE
136,2,MOVE
137,1,MOVE
140,2,MOVE
140,1,ENLARGE
143,1,MOVE
148,3,MOVE
150,3,ENLARGE
153,3,MOVE
156,3,MOVE
159,3,SHRINK
161,1,SHRINK
162,3,MOVE
163,3,MOVE
164,3,ENLARGE
166,3,MOVE
177,3,SHRINK
180,3,MOVE
181,3,MOVE
181,2,MOVE
182,2,ENLARGE
197,2,SHRINK
198,3,MOVE
200,2,MOVE
200,3,ENLARGE
201,2,MOVE
201,3,MOVE
206,1,SHRINK
209,1,MOVE
212,3,MOVE
213,2,MOVE
213,3,MOVE
215,2,MOVE
217,2,MOVE
218,2,MOVE
221,1,ENLARGE
222,2,MOVE
223,1,MOVE
224,3,MOVE
261,1,SHRINK
263,3,ENLARGE
264,1,MOVE
265,3,MOVE
280,3,SHRINK
283,3,MOVE
283,3,MOVE
285,2,MOVE
286,2,MOVE
287,2,ENLARGE
289,2,MOVE
307,2,SHRINK
310,2,MOVE
314,1,MOVE
316,1,ENLARGE
318,3,MOVE
319,1,MOVE
338,1,SHRINK
339,1,MOVE
341,3,ENLARGE
341,1,MOVE
343,3,MOVE
354,3,SHRINK
357,3,MOVE
358,3,MOVE
359,2,MOVE
363,2,MOVE
364,2,ENLARGE
366,2,MOVE
373,1,SHRINK
377,1,MOVE
381,3,MOVE
382,3,ENLARGE
384,3,MOVE
396,3,ENLARGE
396,3,SHRINK
399,3,MOVE
400,3,MOVE
403,1,MOVE
404,1,ENLARGE
406,1,MOVE
408,3,MOVE
416,2,SHRINK
420,2,MOVE
426,1,MOVE
427,1,ENLARGE
429,1,MOVE
444,1,SHRINK
447,3,MOVE
448,3,MOVE
450,2,MOVE
451,2,ENLARGE
453,2,MOVE
476,3,ENLARGE
476,3,NORMAL
476,3,NORMAL
476,3,ENLARGE
480,3,MOVE
481,3,SHRINK
485,3,MOVE
488,1,MOVE
489,1,ENLARGE
491,1,MOVE
497,3,MOVE
506,2,SHRINK
511,2,MOVE
514,3,ENLARGE
516,3,MOVE
522,3,SHRINK
527,3,MOVE
530,3,MOVE
531,3,MOVE
532,3,MOVE
534,1,MOVE
535,1,ENLARGE
537,1,MOVE
554,1,SHRINK
558,1,MOVE
558,3,MOVE
560,1,ENLARGE
561,2,MOVE
562,1,MOVE
570,3,SHRINK
573,3,MOVE
574,2,MOVE
574,3,MOVE
576,3,MOVE
576,2,ENLARGE
577,3,MOVE
578,2,MOVE
578,3,MOVE
579,3,MOVE
582,3,MOVE
584,3,MOVE
586,3,MOVE
587,3,MOVE
588,3,MOVE
589,2,SHRINK
590,2,MOVE
592,3,MOVE
594,1,MOVE
595,3,MOVE
595,1,ENLARGE
596,1,SAVE
596,1,INIT_STAGE2
596,1,INTERACTION_TIME
596,1,SLIP_INTERACTION
596,2,INTERACTION_TIME
596,2,SLIP_INTERACTION
596,3,INTERACTION_TIME
596,3,SLIP_INTERACTION
597,3,MOVE
597,1,MOVE
637,3,MOVE
648,3,SHRINK
650,3,MOVE
651,3,MOVE
651,2,CREATE_OBJECT
667,1,ENTER_GROUP_NAME
669,2,MOVE
675,2,MOVE
676,2,MOVE
680,2,ADD_OBJ_TO_GROUP
680,2,SHRINK
680,2,MOVE
686,1,ADD_OBJ_TO_GROUP
686,1,SHRINK
686,1,MOVE
690,3,CREATE_OBJECT
711,1,ENTER_GROUP_NAME
713,3,MOVE
713,3,MOVE
718,3,MOVE
719,3,ADD_OBJ_TO_GROUP
719,3,SHRINK
719,3,MOVE
726,3,ADD_OBJ_TO_GROUP
726,3,SHRINK
726,3,MOVE
728,1,CREATE_OBJECT
745,1,ENTER_GROUP_NAME
747,1,MOVE
748,2,MOVE
753,2,MOVE
755,3,ADD_OBJ_TO_GROUP
755,3,SHRINK
755,3,MOVE
755,1,MOVE
756,2,MOVE
756,2,MOVE
756,2,MOVE
757,3,MOVE
758,3,MOVE
759,2,ADD_OBJ_TO_GROUP
759,2,SHRINK
759,2,MOVE
759,2,MOVE
760,1,MOVE
760,2,MOVE
763,2,MOVE
764,2,MOVE
765,3,ADD_OBJ_TO_GROUP
765,3,SHRINK
765,3,MOVE
765,2,MOVE
769,2,MOVE
775,3,ADD_OBJ_TO_GROUP
775,3,SHRINK
775,3,MOVE
779,3,SHRINK
781,3,NORMAL
781,3,SHRINK
782,3,ROTATE
785,3,MOVE
789,3,NORMAL
790,1,ADD_OBJ_TO_GROUP
790,1,SHRINK
790,1,MOVE
791,3,ROTATE
793,3,MOVE
798,2,MOVE
799,2,MOVE
799,3,MOVE
800,2,MOVE
801,2,MOVE
801,1,MOVE
803,2,MOVE
803,3,NORMAL
804,2,MOVE
805,3,ROTATE
805,1,MOVE
806,3,MOVE
807,3,MOVE
808,3,MOVE
810,3,NORMAL
811,3,ROTATE
812,3,MOVE
814,3,MOVE
814,3,MOVE
827,2,MOVE
828,3,NORMAL
829,2,ADD_OBJ_TO_GROUP
829,2,SHRINK
829,2,MOVE
831,1,CREATE_OBJECT
845,1,ENTER_GROUP_NAME
847,3,DELETE_GROUP
852,3,MOVE
853,3,MOVE
857,3,ADD_OBJ_TO_GROUP
857,3,SHRINK
857,3,MOVE
863,1,REMOVE_OBJ_FROM_GROUP
863,2,REMOVE_OBJ_FROM_GROUP
863,2,MOVE
865,3,MOVE
866,2,ADD_OBJ_TO_GROUP
866,2,SHRINK
866,2,MOVE
868,2,MOVE
869,2,MOVE
877,3,MOVE
879,3,MOVE
881,3,MOVE
883,3,ENLARGE
887,3,MOVE
888,3,SHRINK
893,3,MOVE
897,2,ADD_OBJ_TO_GROUP
897,2,SHRINK
897,2,MOVE
900,3,MOVE
900,3,MOVE
902,3,MOVE
902,3,MOVE
908,2,MOVE
909,2,ENLARGE
913,2,SHRINK
913,2,ADD_OBJ_TO_GROUP
913,2,SHRINK
923,1,REMOVE_OBJ_FROM_GROUP
923,2,REMOVE_OBJ_FROM_GROUP
923,2,ADD_OBJ_TO_GROUP
923,2,SHRINK
923,2,MOVE
926,2,MOVE
928,2,MOVE
929,3,MOVE
929,3,MOVE
930,2,MOVE
930,3,MOVE
931,3,MOVE
932,3,MOVE
932,3,MOVE
933,2,MOVE
937,3,MOVE
939,3,ENLARGE
941,3,MOVE
947,3,SHRINK
952,3,MOVE
955,2,ADD_OBJ_TO_GROUP
955,2,SHRINK
955,2,MOVE
956,3,MOVE
957,3,ENLARGE
960,3,MOVE
963,3,SHRINK
966,2,MOVE
966,3,MOVE
967,3,MOVE
968,2,ADD_OBJ_TO_GROUP
968,2,SHRINK
968,2,MOVE
971,3,MOVE
972,3,ENLARGE
974,3,MOVE
981,2,ENLARGE
981,2,SHRINK
985,2,ADD_OBJ_TO_GROUP
985,2,SHRINK
985,2,MOVE
989,2,MOVE
990,3,MOVE
991,3,MOVE
991,2,ENLARGE
995,3,MOVE
995,2,MOVE
997,2,ENLARGE
997,3,MOVE
998,2,SHRINK
998,3,MOVE
1001,2,ADD_OBJ_TO_GROUP
1001,2,SHRINK
1001,2,MOVE
1002,1,ENLARGE
1004,1,ADD_OBJ_TO_GROUP
1004,1,SHRINK
1004,1,MOVE
1007,1,REMOVE_OBJ_FROM_GROUP
1007,1,REMOVE_OBJ_FROM_GROUP
1007,1,MOVE
1010,1,ENLARGE
1010,3,MOVE
1012,3,MOVE
1017,3,SHRINK
1018,3,ADD_OBJ_TO_GROUP
1018,3,SHRINK
1019,3,NORMAL
1019,3,NORMAL
1020,1,REMOVE_OBJ_FROM_GROUP
1020,3,REMOVE_OBJ_FROM_GROUP
1022,3,MOVE
1025,2,MOVE
1026,2,SHRINK
1029,2,ADD_OBJ_TO_GROUP
1029,2,SHRINK
1029,2,MOVE
1032,2,MOVE
1034,2,MOVE
1036,3,MOVE
1038,3,ENLARGE
1039,3,MOVE
1044,3,SHRINK
1050,3,SHRINK
1051,3,ROTATE
1052,3,MOVE
1052,3,MOVE
1053,3,MOVE
1055,2,MOVE
1055,2,MOVE
1057,3,MOVE
1058,3,ADD_OBJ_TO_GROUP
1058,3,SHRINK
1058,3,MOVE
1058,3,MOVE
1060,3,MOVE
1064,3,MOVE
1065,3,MOVE
1066,2,MOVE
1068,1,REMOVE_OBJ_FROM_GROUP
1068,2,ADD_OBJ_TO_GROUP
1068,2,SHRINK
1068,2,MOVE
1071,3,MOVE
1072,3,ENLARGE
1073,3,MOVE
1080,3,SHRINK
1088,3,ADD_OBJ_TO_GROUP
1088,3,SHRINK
1088,3,MOVE
1088,1,CREATE_OBJECT
1088,1,UPDATE_NOTE
1088,1,GROUPING_FAILED
1133,3,MOVE
1136,1,REMOVE_OBJ_FROM_GROUP
1136,2,REMOVE_OBJ_FROM_GROUP
1136,2,MOVE
1142,1,REMOVE_OBJ_FROM_GROUP
1142,2,REMOVE_OBJ_FROM_GROUP
1142,2,MOVE
1143,3,MOVE
1144,3,MOVE
1145,3,MOVE
1146,1,REMOVE_OBJ_FROM_GROUP
1146,3,REMOVE_OBJ_FROM_GROUP
1146,3,MOVE
1149,1,REMOVE_OBJ_FROM_GROUP
1149,2,REMOVE_OBJ_FROM_GROUP
1149,2,MOVE
1150,3,MOVE
1152,2,MOVE
1156,3,MOVE
1158,3,MOVE
1159,3,ADD_OBJ_TO_GROUP
1159,3,SHRINK
1159,3,MOVE
1160,3,MOVE
1163,2,MOVE
1164,2,MOVE
1166,1,REMOVE_OBJ_FROM_GROUP
1166,2,REMOVE_OBJ_FROM_GROUP
1166,2,MOVE
1166,1,REMOVE_OBJ_FROM_GROUP
1166,3,REMOVE_OBJ_FROM_GROUP
1166,3,MOVE
1170,3,MOVE
1172,1,REMOVE_OBJ_FROM_GROUP
1172,2,REMOVE_OBJ_FROM_GROUP
1172,2,MOVE
1173,3,MOVE
1174,1,REMOVE_OBJ_FROM_GROUP
1174,1,REMOVE_OBJ_FROM_GROUP
1174,1,MOVE
1175,3,MOVE
1178,1,MOVE
1179,3,MOVE
1181,3,MOVE
1185,3,MOVE
1188,1,REMOVE_OBJ_FROM_GROUP
1188,2,REMOVE_OBJ_FROM_GROUP
1188,2,MOVE
1190,3,MOVE
1200,2,MOVE
1201,2,MOVE
1202,2,MOVE
1204,2,MOVE
1205,2,MOVE
1206,3,CREATE_OBJECT
1206,2,MOVE
1231,1,ENTER_GROUP_NAME
1232,2,DELETE_GROUP
1234,1,REMOVE_OBJ_FROM_GROUP
1234,2,REMOVE_OBJ_FROM_GROUP
1234,2,MOVE
1235,1,REMOVE_OBJ_FROM_GROUP
1235,2,REMOVE_OBJ_FROM_GROUP
1235,2,MOVE
1236,1,REMOVE_OBJ_FROM_GROUP
1236,2,REMOVE_OBJ_FROM_GROUP
1236,2,MOVE
1238,2,MOVE
1240,2,MOVE
1240,3,ADD_OBJ_TO_GROUP
1240,3,SHRINK
1240,3,MOVE
1241,1,REMOVE_OBJ_FROM_GROUP
1241,2,REMOVE_OBJ_FROM_GROUP
1241,2,MOVE
1242,3,ADD_OBJ_TO_GROUP
1242,3,SHRINK
1242,3,MOVE
1242,1,REMOVE_OBJ_FROM_GROUP
1242,2,REMOVE_OBJ_FROM_GROUP
1242,2,MOVE
1244,2,MOVE
1244,3,MOVE
1245,1,REMOVE_OBJ_FROM_GROUP
1245,2,REMOVE_OBJ_FROM_GROUP
1245,2,MOVE
1245,3,MOVE
1246,2,MOVE
1246,3,MOVE
1247,3,MOVE
1247,1,REMOVE_OBJ_FROM_GROUP
1247,2,REMOVE_OBJ_FROM_GROUP
1247,2,MOVE
1248,1,ADD_OBJ_TO_GROUP
1248,1,SHRINK
1248,1,MOVE
1249,1,REMOVE_OBJ_FROM_GROUP
1249,2,REMOVE_OBJ_FROM_GROUP
1249,2,MOVE
1250,2,MOVE
1251,3,MOVE
1252,1,REMOVE_OBJ_FROM_GROUP
1252,2,REMOVE_OBJ_FROM_GROUP
1252,2,MOVE
1252,3,MOVE
1253,1,REMOVE_OBJ_FROM_GROUP
1253,2,REMOVE_OBJ_FROM_GROUP
1253,2,MOVE
1254,1,REMOVE_OBJ_FROM_GROUP
1254,2,REMOVE_OBJ_FROM_GROUP
1254,2,MOVE
1256,1,REMOVE_OBJ_FROM_GROUP
1256,2,REMOVE_OBJ_FROM_GROUP
1256,2,MOVE
1256,2,MOVE
1259,2,MOVE
1261,2,MOVE
1266,2,MOVE
1267,3,MOVE
1268,3,MOVE
1281,3,MOVE
1282,3,MOVE
1283,3,MOVE
1293,3,MOVE
1299,3,MOVE
1311,3,MOVE
1312,3,ENLARGE
1315,3,MOVE
1316,3,SHRINK
1317,3,MOVE
1319,3,MOVE
1320,3,ENLARGE
1322,3,MOVE
1323,3,SHRINK
1324,3,MOVE
1325,3,MOVE
1326,3,ENLARGE
1328,3,MOVE
1333,3,ENLARGE
1337,3,SHRINK
1339,3,MOVE
1340,2,CREATE_OBJECT
1347,1,ENTER_GROUP_NAME
1348,3,MOVE
1349,3,MOVE
1350,3,ADD_OBJ_TO_GROUP
1350,3,SHRINK
1350,3,MOVE
1351,2,MOVE
1351,3,ADD_OBJ_TO_GROUP
1351,3,SHRINK
1351,3,MOVE
1353,3,ADD_OBJ_TO_GROUP
1353,3,SHRINK
1353,3,MOVE
1354,3,MOVE
1355,3,MOVE
1358,3,NORMAL
1359,3,NORMAL
1359,3,ROTATE
1360,3,MOVE
1360,3,MOVE
1362,2,MOVE
1364,2,MOVE
1365,3,ENLARGE
1365,2,MOVE
1367,3,MOVE
1369,3,MOVE
1370,3,SHRINK
1372,3,MOVE
1373,3,ENLARGE
1375,3,MOVE
1379,3,MOVE
1381,3,MOVE
1383,3,NORMAL
1385,3,ROTATE
1387,2,SHRINK
1389,2,MOVE
1393,3,MOVE
1397,2,ADD_OBJ_TO_GROUP
1397,2,SHRINK
1397,2,MOVE
1399,1,ADD_OBJ_TO_GROUP
1399,1,SHRINK
1400,1,MOVE
1401,2,MOVE
1401,2,MOVE
1403,2,MOVE
1404,2,MOVE
1406,2,MOVE
1407,2,MOVE
1427,3,MOVE
1429,3,MOVE
1432,3,MOVE
1433,3,MOVE
1434,3,ADD_OBJ_TO_GROUP
1434,3,SHRINK
1434,3,MOVE
1436,1,REMOVE_OBJ_FROM_GROUP
1436,3,REMOVE_OBJ_FROM_GROUP
1436,3,MOVE
1436,2,SHRINK
1437,2,ENLARGE
1438,3,MOVE
1439,3,ENLARGE
1440,3,MOVE
1445,3,MOVE
1448,3,MOVE
1452,3,MOVE
1455,2,MOVE
1459,3,MOVE
1461,2,ADD_OBJ_TO_GROUP
1461,2,SHRINK
1461,2,MOVE
1462,3,MOVE
1468,2,ENLARGE
1470,1,REMOVE_OBJ_FROM_GROUP
1470,2,REMOVE_OBJ_FROM_GROUP
1470,2,MOVE
1474,2,MOVE
1490,1,MOVE
1491,1,SHRINK
1493,1,ADD_OBJ_TO_GROUP
1493,1,SHRINK
1493,1,MOVE
1496,2,ENLARGE
1516,2,SHRINK
1516,2,ADD_OBJ_TO_GROUP
1516,2,SHRINK
1518,1,REMOVE_OBJ_FROM_GROUP
1518,2,REMOVE_OBJ_FROM_GROUP
1518,2,MOVE
1520,1,ADD_OBJ_TO_GROUP
1520,1,SHRINK
1520,1,MOVE
1524,1,ENLARGE
1555,1,SHRINK
1559,1,ADD_OBJ_TO_GROUP
1559,1,SHRINK
1559,1,MOVE
1560,3,MOVE
1561,3,MOVE
1563,3,MOVE
1565,1,MOVE
1566,3,MOVE
1566,1,MOVE
1567,3,MOVE
1568,1,ENLARGE
1569,1,MOVE
1581,3,SHRINK
1584,3,ADD_OBJ_TO_GROUP
1584,3,SHRINK
1584,3,MOVE
1585,3,MOVE
1586,3,ENLARGE
1588,2,MOVE
1588,3,MOVE
1589,3,MOVE
1596,3,SHRINK
1598,3,ADD_OBJ_TO_GROUP
1598,3,SHRINK
1598,3,MOVE
1600,3,NORMAL
1603,3,MOVE
1604,3,MOVE
1607,3,ENLARGE
1618,3,SHRINK
1621,1,ADD_OBJ_TO_GROUP
1621,1,SHRINK
1621,1,MOVE
1624,1,MOVE
1631,1,MOVE
1633,1,ENLARGE
1634,1,MOVE
1656,1,SHRINK
1658,1,ADD_OBJ_TO_GROUP
1658,1,SHRINK
1658,1,MOVE
1660,2,ENLARGE
1662,2,MOVE
1666,2,SHRINK
1668,2,ADD_OBJ_TO_GROUP
1668,2,SHRINK
1668,2,MOVE
1673,1,MOVE
1674,3,MOVE
1674,1,ENLARGE
1676,3,MOVE
1677,1,MOVE
1677,3,MOVE
1683,1,SHRINK
1686,1,ADD_OBJ_TO_GROUP
1686,1,SHRINK
1686,1,MOVE
1691,1,MOVE
1692,1,ENLARGE
1693,1,MOVE
1721,1,SHRINK
1725,1,ADD_OBJ_TO_GROUP
1725,1,SHRINK
1725,1,MOVE
1728,2,ENLARGE
1729,2,MOVE
1735,2,SHRINK
1738,2,ADD_OBJ_TO_GROUP
1738,2,SHRINK
1738,2,MOVE
1743,1,MOVE
1744,1,ENLARGE
1752,2,SHRINK
1755,2,ADD_OBJ_TO_GROUP
1755,2,SHRINK
1755,2,MOVE
1755,1,SAVE
1755,1,INIT_STAGE3
1755,1,INTERACTION_TIME
1755,1,SLIP_INTERACTION
1755,1,GROUP_INTERACTION
1755,1,NOTES_INTERACTION
1755,1,REL_INTERACTION
1755,2,INTERACTION_TIME
1755,2,SLIP_INTERACTION
1755,2,GROUP_INTERACTION
1755,2,NOTES_INTERACTION
1755,2,REL_INTERACTION
1755,3,INTERACTION_TIME
1755,3,SLIP_INTERACTION
1755,3,GROUP_INTERACTION
1755,3,NOTES_INTERACTION
1755,3,REL_INTERACTION
1808,2,MOVE
1813,1,MOVE
1814,3,MOVE
1814,3,MOVE
1815,1,REMOVE_OBJ_FROM_GROUP
1815,1,REMOVE_OBJ_FROM_GROUP
1815,1,MOVE
1816,3,MOVE
1817,1,REMOVE_OBJ_FROM_GROUP
1817,1,REMOVE_OBJ_FROM_GROUP
1817,1,MOVE
1817,3,MOVE
1819,1,MOVE
1820,3,MOVE
1822,1,ADD_OBJ_TO_GROUP
1822,1,SHRINK
1822,1,MOVE
1824,3,MOVE
1826,1,ADD_OBJ_TO_GROUP
1826,1,SHRINK
1826,1,MOVE
1828,2,MOVE
1828,3,MOVE
1830,1,REMOVE_OBJ_FROM_GROUP
1830,1,REMOVE_OBJ_FROM_GROUP
1830,1,MOVE
1833,1,REMOVE_OBJ_FROM_GROUP
1833,1,REMOVE_OBJ_FROM_GROUP
1833,1,MOVE
1835,1,MOVE
1839,1,REMOVE_OBJ_FROM_GROUP
1839,1,REMOVE_OBJ_FROM_GROUP
1839,1,MOVE
1840,1,REMOVE_OBJ_FROM_GROUP
1840,1,REMOVE_OBJ_FROM_GROUP
1840,1,MOVE
1843,1,REMOVE_OBJ_FROM_GROUP
1843,1,REMOVE_OBJ_FROM_GROUP
1843,1,MOVE
1845,1,REMOVE_OBJ_FROM_GROUP
1845,1,REMOVE_OBJ_FROM_GROUP
1845,1,MOVE
1846,2,MOVE
1848,2,DELETE_GROUP
1856,2,MOVE
1861,2,MOVE
1864,2,MOVE
1867,1,REMOVE_OBJ_FROM_GROUP
1867,2,REMOVE_OBJ_FROM_GROUP
1867,2,MOVE
1872,2,MOVE
1873,2,MOVE
1874,1,REMOVE_OBJ_FROM_GROUP
1874,2,REMOVE_OBJ_FROM_GROUP
1874,2,MOVE
1875,2,MOVE
1879,2,MOVE
1880,2,MOVE
1882,1,REMOVE_OBJ_FROM_GROUP
1882,2,REMOVE_OBJ_FROM_GROUP
1882,2,MOVE
1883,2,MOVE
1885,1,REMOVE_OBJ_FROM_GROUP
1885,2,REMOVE_OBJ_FROM_GROUP
1885,2,MOVE
1887,1,REMOVE_OBJ_FROM_GROUP
1887,2,REMOVE_OBJ_FROM_GROUP
1887,2,MOVE
1888,2,MOVE
1891,1,REMOVE_OBJ_FROM_GROUP
1891,2,REMOVE_OBJ_FROM_GROUP
1891,2,MOVE
1896,2,MOVE
1897,2,MOVE
1899,2,DELETE_GROUP
1904,1,MOVE
1914,1,MOVE
1916,1,REMOVE_OBJ_FROM_GROUP
1916,1,REMOVE_OBJ_FROM_GROUP
1916,1,MOVE
1918,1,REMOVE_OBJ_FROM_GROUP
1918,1,REMOVE_OBJ_FROM_GROUP
1918,1,MOVE
1923,2,MOVE
1924,1,DELETE_GROUP
1928,2,MOVE
1933,2,MOVE
1934,2,ROTATE
1941,2,CREATE_OBJECT
1946,2,CREATE_OBJECT
1946,2,UPDATE_RELATION
1946,2,MOVE
1953,1,REMOVE_OBJ_FROM_GROUP
1953,3,REMOVE_OBJ_FROM_GROUP
1953,3,MOVE
1957,1,REMOVE_OBJ_FROM_GROUP
1957,3,REMOVE_OBJ_FROM_GROUP
1957,3,MOVE
1958,3,NORMAL
1958,3,ROTATE
1958,2,CREATE_OBJECT
1963,2,UPDATE_RELATION
1963,2,MOVE
1964,1,MOVE
1965,2,CREATE_OBJECT
1966,3,MOVE
1969,1,ENLARGE
1969,2,UPDATE_RELATION
1969,2,MOVE
1971,1,SHRINK
1975,2,MOVE
1977,2,MOVE
1978,2,MOVE
1980,3,MOVE
1980,1,MOVE
1980,2,CREATE_OBJECT
1981,3,MOVE
1982,1,REMOVE_OBJ_FROM_GROUP
1982,1,REMOVE_OBJ_FROM_GROUP
1983,1,MOVE
1984,1,REMOVE_OBJ_FROM_GROUP
1984,3,REMOVE_OBJ_FROM_GROUP
1984,3,MOVE
1984,2,UPDATE_RELATION
1984,2,MOVE
1984,3,MOVE
1985,3,MOVE
1986,2,CREATE_OBJECT
1986,1,ADD_OBJ_TO_GROUP
1986,1,SHRINK
1986,1,MOVE
1987,3,MOVE
1988,1,REMOVE_OBJ_FROM_GROUP
1988,1,REMOVE_OBJ_FROM_GROUP
1988,1,MOVE
1989,2,UPDATE_RELATION
1989,2,MOVE
1990,1,DELETE_GROUP
1992,2,CREATE_OBJECT
1995,2,CREATE_OBJECT
1995,2,UPDATE_RELATION
1995,2,MOVE
1996,3,CREATE_OBJECT
1998,2,CREATE_OBJECT
1999,1,CREATE_OBJECT
1999,3,NORMAL
2001,2,UPDATE_RELATION
2001,2,MOVE
2003,1,CREATE_OBJECT
2003,1,UPDATE_RELATION
2003,1,MOVE
2006,3,UPDATE_RELATION
2006,3,MOVE
2007,1,CREATE_OBJECT
2009,2,MOVE
2010,3,CREATE_OBJECT
2010,2,MOVE
2011,1,UPDATE_RELATION
2011,1,MOVE
2013,1,MOVE
2013,3,CREATE_OBJECT
2013,3,UPDATE_RELATION
2013,3,MOVE
2015,2,CREATE_OBJECT
2018,2,CREATE_OBJECT
2018,2,UPDATE_RELATION
2018,2,MOVE
2019,1,CREATE_OBJECT
2019,3,CREATE_OBJECT
2020,2,CREATE_OBJECT
2021,3,UPDATE_RELATION
2021,3,MOVE
2024,3,MOVE
2024,2,MOVE
2030,2,MOVE
2032,1,REMOVE_OBJ_FROM_GROUP
2032,2,REMOVE_OBJ_FROM_GROUP
2032,2,MOVE
2034,2,MOVE
2036,2,MOVE
2038,2,MOVE
2041,1,REMOVE_OBJ_FROM_GROUP
2041,2,REMOVE_OBJ_FROM_GROUP
2041,2,MOVE
2043,2,MOVE
2044,2,MOVE
2044,2,MOVE
2046,2,MOVE
2049,2,MOVE
2051,1,CREATE_OBJECT
2053,1,MOVE
2056,2,CREATE_OBJECT
2056,2,UPDATE_RELATION
2056,2,MOVE
2065,2,MOVE
2066,2,MOVE
2068,2,MOVE
2070,2,CREATE_OBJECT
2075,1,MOVE
2076,2,UPDATE_RELATION
2076,2,MOVE
2081,1,MOVE
2084,2,MOVE
2085,3,MOVE
2085,1,MOVE
2085,2,CREATE_OBJECT
2085,2,UPDATE_RELATION
2085,2,UPDATE_RELATION
2085,2,UPDATE_RELATION
2085,2,MOVE
2086,2,MOVE
2087,2,MOVE
2087,3,MOVE
2089,2,UPDATE_RELATION
2089,2,UPDATE_RELATION
2089,2,MOVE
2091,2,MOVE
2092,3,MOVE
2098,2,MOVE
2115,1,LINEAR_SEQ
2158,2,MOVE
2161,2,MOVE
2164,2,MOVE
2168,2,MOVE
2171,2,MOVE
2173,3,MOVE
2177,3,MOVE
2180,2,MOVE
2182,3,CREATE_OBJECT
2183,2,MOVE
2184,3,UPDATE_RELATION
2184,3,MOVE
2185,3,MOVE
2188,1,CREATE_OBJECT
2192,1,UPDATE_RELATION
2192,1,MOVE
2194,2,CREATE_OBJECT
2197,2,UPDATE_RELATION
2197,2,MOVE
2198,2,CREATE_OBJECT
2199,2,CREATE_OBJECT
2202,2,MOVE
2205,2,MOVE
2207,2,UPDATE_RELATION
2207,2,MOVE
2211,1,MOVE
2215,2,MOVE
2215,3,MOVE
2217,3,MOVE
2222,2,MOVE
2226,1,LINEAR_SEQ
2249,2,MOVE
2253,1,LINEAR_SEQ
2291,2,CREATE_OBJECT
2293,2,MOVE
2295,2,MOVE
2375,2,MOVE
2381,2,CREATE_OBJECT
2382,3,CREATE_OBJECT
2386,3,MOVE
2386,2,UPDATE_RELATION
2386,2,MOVE
2387,2,MOVE
2387,2,UPDATE_RELATION
2387,2,UPDATE_RELATION
2389,2,MOVE
2390,2,MOVE
2391,2,UPDATE_RELATION
2391,2,UPDATE_RELATION
2394,2,MOVE
2413,3,MOVE
2414,3,MOVE
2415,3,MOVE
2432,3,MOVE
2435,3,MOVE
2437,3,MOVE
2440,3,CREATE_OBJECT
2447,3,CREATE_OBJECT
2449,3,UPDATE_RELATION
2449,3,MOVE
2450,3,UPDATE_RELATION
2450,3,UPDATE_RELATION
2450,3,MOVE
2459,1,LINEAR_SEQ
2485,2,MOVE
2488,2,MOVE
2500,2,CREATE_OBJECT
2599,1,MOVE
2606,2,CREATE_OBJECT
2606,3,CREATE_OBJECT
2606,2,ADD_OBJ_TO_GROUP
2606,2,SHRINK
2617,1,ENTER_GROUP_NAME
2618,2,MOVE
2619,1,REMOVE_OBJ_FROM_GROUP
2619,2,REMOVE_OBJ_FROM_GROUP
2619,2,MOVE
2620,2,DELETE_GROUP
2625,2,MOVE
2627,2,ENLARGE
2629,2,MOVE
2667,1,MOVE
2669,1,SHRINK
2671,1,NORMAL
2676,3,CREATE_OBJECT
2678,3,MOVE
2682,2,MOVE
2688,2,CREATE_OBJECT
2691,2,UPDATE_RELATION
2691,2,MOVE
2695,2,CREATE_OBJECT
2698,2,UPDATE_RELATION
2698,2,MOVE
2739,3,MOVE
2740,3,CREATE_OBJECT
2741,3,CREATE_OBJECT
2741,3,CREATE_OBJECT
2741,3,UPDATE_RELATION
2743,3,DELETE_RELATION
2743,3,UPDATE_RELATION
2743,3,MOVE
2745,3,UPDATE_RELATION
2745,3,UPDATE_RELATION
2745,3,MOVE
2745,3,DELETE_NOTE
2745,1,UPDATE_NOTE
2823,2,MOVE
2829,2,MOVE
2830,2,UPDATE_RELATION
2830,2,MOVE
2831,2,MOVE
2833,2,MOVE
2836,2,MOVE
2842,2,MOVE
2847,2,MOVE
2865,2,MOVE
2866,2,SHRINK
2868,2,MOVE
2869,2,MOVE
2870,2,CREATE_OBJECT
2876,1,NORMAL
2880,1,ROTATE
2882,2,UPDATE_RELATION
2882,2,MOVE
2883,2,CREATE_OBJECT
2887,2,NORMAL
2891,2,ROTATE
2894,2,UPDATE_RELATION
2894,2,MOVE
2899,3,MOVE
2933,2,MOVE
2960,1,CREATE_OBJECT
2960,1,UPDATE_NOTE
2960,1,SAVE
2961,1,CLOSING
2961,1,INTERACTION_TIME
2961,1,SLIP_INTERACTION
2961,1,GROUP_INTERACTION
2961,1,NOTES_INTERACTION
2961,1,REL_INTERACTION
2961,2,INTERACTION_TIME
2961,2,SLIP_INTERACTION
2961,2,GROUP_INTERACTION
2961,2,NOTES_INTERACTION
2961,2,REL_INTERACTION
2961,3,INTERACTION_TIME
2961,3,SLIP_INTERACTION
2961,3,GROUP_INTERACTION
2961,3,NOTES_INTERACTION
2961,3,REL_INTERACTION
2961,1,UPDATE_NOTE
2961,1,UPDATE_NOTE
2961,1,UPDATE_NOTE
2961,1,UPDATE_NOTE
2961,1,UPDATE_NOTE
2961,1,UPDATE_NOTE
2961,1,UPDATE_NOTE
2961,1,UPDATE_NOTE
