75,3,MOVE
77,1,MOVE
77,2,MOVE
78,3,MOVE
79,2,ENLARGE
80,3,MOVE
80,3,MOVE
80,1,MOVE
81,2,MOVE
81,2,MOVE
82,3,MOVE
82,2,MOVE
82,1,MOVE
83,3,MOVE
84,1,MOVE
84,3,MOVE
85,1,MOVE
85,3,MOVE
86,3,MOVE
86,1,MOVE
87,3,MOVE
88,3,MOVE
89,3,MOVE
90,2,MOVE
90,3,MOVE
92,2,MOVE
92,3,MOVE
95,2,MOVE
96,2,ENLARGE
97,2,NORMAL
98,2,ENLARGE
101,2,ROTATE
103,2,MOVE
106,3,MOVE
107,3,MOVE
108,3,MOVE
108,1,MOVE
109,3,MOVE
109,1,MOVE
109,3,MOVE
110,1,MOVE
111,3,MOVE
111,1,MOVE
111,1,MOVE
112,3,MOVE
113,2,MOVE
115,3,MOVE
116,2,MOVE
116,3,ENLARGE
117,2,ENLARGE
119,3,MOVE
120,3,MOVE
120,2,MOVE
121,3,MOVE
121,3,MOVE
122,1,MOVE
123,1,MOVE
123,3,MOVE
124,1,MOVE
124,3,MOVE
124,1,MOVE
124,2,MOVE
126,2,SHRINK
126,3,MOVE
127,3,MOVE
128,3,MOVE
128,2,MOVE
129,3,MOVE
129,2,MOVE
138,2,MOVE
139,2,MOVE
139,1,ENLARGE
140,2,ENLARGE
142,1,MOVE
143,2,MOVE
144,1,MOVE
155,1,SHRINK
157,1,MOVE
159,2,SHRINK
165,2,MOVE
170,2,MOVE
178,1,MOVE
181,1,MOVE
181,3,MOVE
182,1,MOVE
182,3,ENLARGE
183,2,ENLARGE
185,3,MOVE
186,2,MOVE
186,1,MOVE
187,2,MOVE
188,2,MOVE
188,1,ENLARGE
189,2,MOVE
190,1,MOVE
191,3,MOVE
202,3,MOVE
203,2,MOVE
204,1,NORMAL
207,1,MOVE
208,2,MOVE
209,2,SHRINK
211,2,MOVE
219,2,ENLARGE
220,3,SHRINK
221,2,SHRINK
223,3,MOVE
225,1,MOVE
226,2,MOVE
226,1,MOVE
227,2,MOVE
228,3,MOVE
230,2,MOVE
232,2,SHRINK
234,2,MOVE
235,1,ENLARGE
237,1,MOVE
238,2,MOVE
239,3,MOVE
240,2,MOVE
240,3,ENLARGE
242,3,MOVE
247,3,MOVE
258,1,SHRINK
258,3,MOVE
260,3,SHRINK
262,1,MOVE
274,3,MOVE
283,2,MOVE
283,1,MOVE
284,2,ENLARGE
286,2,MOVE
288,3,MOVE
289,1,MOVE
291,3,MOVE
292,2,SHRINK
292,3,ENLARGE
294,2,MOVE
294,3,MOVE
295,2,MOVE
295,2,MOVE
295,1,ENLARGE
296,2,MOVE
297,1,MOVE
297,3,MOVE
299,1,SHRINK
300,1,MOVE
301,1,MOVE
302,1,MOVE
302,3,MOVE
303,3,MOVE
303,1,ENLARGE
305,1,MOVE
306,2,SHRINK
307,1,MOVE
308,2,MOVE
309,2,MOVE
309,2,MOVE
310,2,MOVE
310,2,MOVE
311,2,MOVE
311,2,MOVE
316,1,SHRINK
319,1,MOVE
320,2,MOVE
321,2,MOVE
322,2,ENLARGE
322,1,MOVE
323,2,MOVE
323,3,MOVE
323,2,MOVE
324,1,ENLARGE
324,3,ENLARGE
326,1,MOVE
326,2,MOVE
326,3,MOVE
328,1,MOVE
329,2,SHRINK
330,1,MOVE
331,2,MOVE
336,1,MOVE
346,3,MOVE
347,3,SHRINK
355,2,MOVE
356,3,MOVE
357,2,SHRINK
359,2,ENLARGE
359,3,MOVE
362,1,SHRINK
365,2,MOVE
366,2,SHRINK
369,2,MOVE
370,3,MOVE
371,3,MOVE
373,2,ENLARGE
375,1,MOVE
376,1,MOVE
376,1,MOVE
378,1,MOVE
381,1,MOVE
383,1,MOVE
384,1,ENLARGE
408,1,SHRINK
409,1,MOVE
412,3,MOVE
413,3,ENLARGE
416,3,NORMAL
418,3,ROTATE
421,3,MOVE
421,3,MOVE
422,1,MOVE
423,1,MOVE
423,3,MOVE
424,1,MOVE
425,1,MOVE
425,1,MOVE
426,3,MOVE
426,1,MOVE
427,1,MOVE
428,3,MOVE
428,1,MOVE
429,3,SHRINK
430,3,MOVE
431,1,MOVE
432,1,MOVE
433,1,ENLARGE
434,1,MOVE
449,3,MOVE
454,1,SHRINK
459,1,MOVE
461,2,ENLARGE
463,3,MOVE
463,2,MOVE
464,3,ENLARGE
466,3,MOVE
488,1,MOVE
490,3,MOVE
492,3,SHRINK
495,2,SHRINK
497,3,MOVE
498,2,MOVE
499,2,MOVE
499,3,MOVE
500,3,ENLARGE
502,3,MOVE
503,1,MOVE
505,1,ENLARGE
506,1,MOVE
508,3,MOVE
508,1,MOVE
511,1,MOVE
513,1,MOVE
533,1,MOVE
536,3,MOVE
539,3,SHRINK
540,3,NORMAL
540,3,ROTATE
541,1,SHRINK
541,3,MOVE
542,2,MOVE
544,3,MOVE
545,2,MOVE
546,3,MOVE
547,3,ENLARGE
547,2,ENLARGE
549,2,MOVE
562,2,SHRINK
562,2,ROTATE
563,2,MOVE
565,2,MOVE
578,3,SHRINK
581,3,MOVE
588,1,MOVE
591,1,MOVE
593,1,ENLARGE
594,1,MOVE
601,2,MOVE
602,2,MOVE
603,2,MOVE
604,2,ENLARGE
606,2,MOVE
606,2,MOVE
607,1,SHRINK
608,2,MOVE
611,1,MOVE
619,1,MOVE
621,3,MOVE
624,3,SHRINK
626,2,MOVE
626,2,MOVE
627,2,MOVE
627,3,MOVE
628,2,MOVE
628,3,MOVE
628,2,MOVE
630,2,MOVE
630,2,MOVE
631,2,MOVE
631,2,MOVE
631,3,MOVE
631,2,MOVE
632,2,MOVE
632,1,MOVE
633,2,MOVE
634,2,MOVE
634,2,MOVE
635,3,MOVE
636,3,MOVE
637,3,MOVE
643,1,MOVE
656,3,MOVE
663,1,MOVE
664,3,MOVE
664,1,SHRINK
664,3,ENLARGE
664,3,NORMAL
666,3,MOVE
667,3,SHRINK
668,1,MOVE
668,3,MOVE
670,1,MOVE
671,3,MOVE
672,1,MOVE
674,1,MOVE
675,3,MOVE
678,1,MOVE
679,3,MOVE
679,1,SHRINK
681,3,MOVE
681,3,ENLARGE
683,3,MOVE
684,3,NORMAL
687,3,ROTATE
689,3,MOVE
690,3,MOVE
693,3,MOVE
696,1,MOVE
697,1,MOVE
699,1,MOVE
699,3,MOVE
701,1,MOVE
702,1,MOVE
706,1,MOVE
707,3,ENLARGE
707,3,NORMAL
707,3,ROTATE
708,3,MOVE
710,1,MOVE
710,2,MOVE
721,1,MOVE
722,1,MOVE
722,1,MOVE
723,1,MOVE
724,1,MOVE
725,1,MOVE
726,1,MOVE
727,1,MOVE
728,1,MOVE
730,2,MOVE
734,1,MOVE
736,1,NORMAL
738,2,MOVE
738,1,ROTATE
740,2,SHRINK
740,3,MOVE
741,1,ENLARGE
742,2,MOVE
743,3,MOVE
744,1,MOVE
753,3,MOVE
755,2,MOVE
755,3,NORMAL
756,2,MOVE
757,2,MOVE
758,3,MOVE
759,3,NORMAL
761,3,MOVE
765,1,MOVE
765,2,MOVE
766,2,MOVE
767,2,MOVE
768,1,MOVE
769,1,MOVE
772,3,SHRINK
775,1,MOVE
775,3,MOVE
775,3,MOVE
778,2,MOVE
778,1,NORMAL
782,1,SHRINK
783,1,ROTATE
785,1,MOVE
787,1,NORMAL
787,3,MOVE
789,3,MOVE
790,3,MOVE
791,1,ROTATE
792,2,MOVE
793,1,MOVE
793,3,MOVE
793,2,ENLARGE
793,2,NORMAL
794,2,MOVE
794,3,MOVE
795,2,MOVE
795,1,NORMAL
795,2,NORMAL
795,2,NORMAL
796,2,ROTATE
796,1,ROTATE
797,3,MOVE
797,2,MOVE
797,1,MOVE
798,2,MOVE
799,3,MOVE
799,1,MOVE
800,3,MOVE
803,1,MOVE
803,3,MOVE
803,1,MOVE
804,1,MOVE
805,1,MOVE
807,1,MOVE
809,3,MOVE
810,3,ENLARGE
811,1,MOVE
812,2,MOVE
813,2,MOVE
813,3,MOVE
814,2,MOVE
816,1,NORMAL
817,1,ROTATE
825,1,ENLARGE
827,1,MOVE
830,1,SHRINK
833,1,MOVE
836,3,MOVE
839,2,MOVE
844,2,SHRINK
846,2,ENLARGE
848,2,SHRINK
849,2,ENLARGE
852,2,SHRINK
854,2,MOVE
857,2,MOVE
857,1,MOVE
859,1,MOVE
861,1,MOVE
877,2,MOVE
878,2,MOVE
879,2,ENLARGE
881,2,MOVE
882,2,MOVE
889,2,MOVE
890,2,MOVE
891,2,MOVE
893,2,MOVE
906,3,MOVE
908,3,MOVE
914,3,NORMAL
915,3,MOVE
916,2,MOVE
917,1,MOVE
921,2,ENLARGE
921,3,MOVE
923,2,MOVE
924,2,SHRINK
926,1,MOVE
927,3,MOVE
927,2,MOVE
927,2,MOVE
927,2,MOVE
928,2,MOVE
928,2,MOVE
929,2,MOVE
937,2,MOVE
946,2,MOVE
948,1,MOVE
951,2,MOVE
953,2,MOVE
954,1,MOVE
954,2,MOVE
955,1,MOVE
956,2,ENLARGE
958,2,MOVE
960,2,MOVE
960,3,MOVE
961,2,MOVE
965,2,SHRINK
967,2,MOVE
967,1,MOVE
968,3,MOVE
969,3,MOVE
969,1,SHRINK
972,1,MOVE
977,2,MOVE
979,1,MOVE
980,1,MOVE
993,2,MOVE
994,2,ENLARGE
994,1,SAVE
994,1,INIT_STAGE2
994,1,INTERACTION_TIME
994,1,SLIP_INTERACTION
994,2,INTERACTION_TIME
994,2,SLIP_INTERACTION
994,3,INTERACTION_TIME
994,3,SLIP_INTERACTION
999,1,MOVE
1039,1,CREATE_OBJECT
1062,1,ENTER_GROUP_NAME
1065,3,MOVE
1071,1,MOVE
1071,2,SHRINK
1071,1,MOVE
1073,1,ADD_OBJ_TO_GROUP
1073,1,SHRINK
1073,1,MOVE
1076,3,CREATE_OBJECT
1076,1,ENLARGE
1077,2,CREATE_OBJECT
1079,3,CREATE_OBJECT
1079,3,UPDATE_RELATION
1079,3,MOVE
1093,1,ENTER_GROUP_NAME
1095,1,REMOVE_OBJ_FROM_GROUP
1095,1,REMOVE_OBJ_FROM_GROUP
1095,1,MOVE
1096,1,MOVE
1097,1,SHRINK
1097,3,MOVE
1098,1,ADD_OBJ_TO_GROUP
1098,1,SHRINK
1098,2,MOVE
1099,3,MOVE
1099,1,MOVE
1100,2,MOVE
1101,1,SHRINK
1101,3,MOVE
1103,3,DELETE_RELATION
1103,3,CREATE_OBJECT
1103,3,UPDATE_RELATION
1103,3,MOVE
1103,1,MOVE
1104,2,MOVE
1104,3,MOVE
1105,2,MOVE
1105,1,REMOVE_OBJ_FROM_GROUP
1105,1,REMOVE_OBJ_FROM_GROUP
1105,1,MOVE
1106,2,ENLARGE
1107,3,MOVE
1107,1,MOVE
1108,2,MOVE
1108,3,ENLARGE
1109,1,ENLARGE
1111,1,MOVE
1111,2,SHRINK
1112,3,MOVE
1112,2,MOVE
1113,2,MOVE
1114,3,ENLARGE
1114,1,ADD_OBJ_TO_GROUP
1114,1,SHRINK
1114,1,MOVE
1115,3,MOVE
1118,2,MOVE
1119,2,MOVE
1120,3,MOVE
1120,2,MOVE
1124,1,MOVE
1125,2,MOVE
1125,2,MOVE
1126,2,MOVE
1127,2,MOVE
1131,2,MOVE
1143,2,MOVE
1145,2,NORMAL
1146,2,NORMAL
1147,2,ROTATE
1148,2,MOVE
1148,1,ADD_OBJ_TO_GROUP
1148,1,SHRINK
1148,1,MOVE
1150,2,MOVE
1150,1,MOVE
1151,2,NORMAL
1152,1,REMOVE_OBJ_FROM_GROUP
1152,1,REMOVE_OBJ_FROM_GROUP
1152,1,MOVE
1153,2,MOVE
1153,1,REMOVE_OBJ_FROM_GROUP
1153,1,REMOVE_OBJ_FROM_GROUP
1153,1,MOVE
1154,3,MOVE
1156,2,MOVE
1158,3,SHRINK
1161,3,DELETE_RELATION
1161,3,CREATE_OBJECT
1161,3,UPDATE_RELATION
1162,2,MOVE
1163,2,SHRINK
1165,2,NORMAL
1167,3,CREATE_OBJECT
1167,2,MOVE
1169,2,MOVE
1176,1,MOVE
1177,1,MOVE
1178,1,MOVE
1181,2,ADD_OBJ_TO_GROUP
1181,2,SHRINK
1181,2,MOVE
1185,1,MOVE
1186,1,MOVE
1204,1,MOVE
1232,2,MOVE
1240,2,CREATE_OBJECT
1246,2,MOVE
1261,1,ENTER_GROUP_NAME
1269,2,MOVE
1269,2,MOVE
1270,2,MOVE
1271,2,MOVE
1272,2,MOVE
1272,3,MOVE
1275,3,MOVE
1277,3,MOVE
1278,1,MOVE
1282,1,MOVE
1287,1,MOVE
1314,2,NORMAL
1316,2,MOVE
1317,2,MOVE
1317,2,MOVE
1318,2,MOVE
1320,2,SHRINK
1320,2,NORMAL
1321,2,NORMAL
1321,2,SHRINK
1323,2,MOVE
1324,2,MOVE
1324,2,MOVE
1324,2,CREATE_OBJECT
1325,2,MOVE
1330,2,NORMAL
1334,2,ADD_OBJ_TO_GROUP
1334,2,SHRINK
1334,2,MOVE
1339,1,REMOVE_OBJ_FROM_GROUP
1339,2,REMOVE_OBJ_FROM_GROUP
1339,2,MOVE
1341,1,MOVE
1342,2,MOVE
1343,2,MOVE
1343,1,MOVE
1344,1,MOVE
1346,1,DELETE_NOTE
1346,1,UPDATE_NOTE
1346,2,MOVE
1347,1,MOVE
1348,1,MOVE
1351,1,MOVE
1434,2,MOVE
1436,2,MOVE
1436,2,MOVE
1437,2,MOVE
1439,2,MOVE
1440,2,NORMAL
1443,2,MOVE
1445,2,NORMAL
1448,2,ROTATE
1449,2,MOVE
1458,2,ADD_OBJ_TO_GROUP
1458,2,SHRINK
1458,2,MOVE
1459,2,MOVE
1461,1,MOVE
1462,1,MOVE
1464,3,MOVE
1465,2,NORMAL
1466,2,ROTATE
1467,2,MOVE
1469,2,MOVE
1470,2,NORMAL
1473,1,MOVE
1473,2,ROTATE
1475,2,MOVE
1478,1,MOVE
1489,1,MOVE
1493,1,MOVE
1494,3,MOVE
1496,2,ADD_OBJ_TO_GROUP
1496,2,SHRINK
1496,2,MOVE
1497,2,MOVE
1497,3,MOVE
1497,1,REMOVE_OBJ_FROM_GROUP
1497,2,REMOVE_OBJ_FROM_GROUP
1497,2,MOVE
1500,1,MOVE
1504,1,ADD_OBJ_TO_GROUP
1504,1,SHRINK
1504,1,MOVE
1504,1,MOVE
1505,3,MOVE
1507,3,CREATE_OBJECT
1507,2,MOVE
1508,1,MOVE
1508,1,MOVE
1509,2,NORMAL
1510,2,NORMAL
1510,3,CREATE_OBJECT
1510,3,UPDATE_RELATION
1510,3,MOVE
1510,2,NORMAL
1511,2,ROTATE
1512,3,MOVE
1514,1,SHRINK
1516,1,MOVE
1520,2,NORMAL
1521,2,ROTATE
1522,2,MOVE
1528,2,MOVE
1531,3,MOVE
1532,3,NORMAL
1536,2,MOVE
1538,3,MOVE
1544,2,ADD_OBJ_TO_GROUP
1544,2,SHRINK
1544,2,MOVE
1546,2,MOVE
1547,2,NORMAL
1550,2,ROTATE
1551,1,REMOVE_OBJ_FROM_GROUP
1551,2,REMOVE_OBJ_FROM_GROUP
1551,2,MOVE
1554,2,ENLARGE
1558,2,MOVE
1560,2,SHRINK
1563,2,ADD_OBJ_TO_GROUP
1563,2,SHRINK
1563,2,MOVE
1564,2,CREATE_OBJECT
1567,1,CREATE_OBJECT
1568,1,REMOVE_OBJ_FROM_GROUP
1568,1,REMOVE_OBJ_FROM_GROUP
1569,1,REMOVE_OBJ_FROM_GROUP
1569,1,REMOVE_OBJ_FROM_GROUP
1569,2,CREATE_OBJECT
1569,2,UPDATE_RELATION
1569,2,ADD_OBJ_TO_GROUP
1569,2,SHRINK
1569,2,MOVE
1572,1,MOVE
1585,1,ENTER_GROUP_NAME
1586,1,MOVE
1588,1,MOVE
1594,1,ADD_OBJ_TO_GROUP
1594,1,ADD_OBJ_TO_GROUP
1594,2,DELETE_RELATION
1594,1,REMOVE_OBJ_FROM_GROUP
1594,1,REMOVE_OBJ_FROM_GROUP
1594,1,REMOVE_OBJ_FROM_GROUP
1594,1,REMOVE_OBJ_FROM_GROUP
1594,1,REMOVE_OBJ_FROM_GROUP
1594,1,REMOVE_OBJ_FROM_GROUP
1594,2,CREATE_OBJECT
1594,2,UPDATE_RELATION
1594,2,ADD_OBJ_TO_GROUP
1594,2,SHRINK
1594,2,MOVE
1597,2,MOVE
1606,2,ADD_OBJ_TO_GROUP
1606,2,SHRINK
1606,2,MOVE
1608,2,ENLARGE
1611,2,SHRINK
1611,1,REMOVE_OBJ_FROM_GROUP
1611,2,REMOVE_OBJ_FROM_GROUP
1614,2,ADD_OBJ_TO_GROUP
1614,2,SHRINK
1614,2,MOVE
1616,1,ADD_OBJ_TO_GROUP
1616,2,DELETE_RELATION
1616,1,REMOVE_OBJ_FROM_GROUP
1616,1,REMOVE_OBJ_FROM_GROUP
1616,2,CREATE_OBJECT
1616,2,UPDATE_RELATION
1616,2,MOVE
1618,3,CREATE_OBJECT
1621,1,REMOVE_OBJ_FROM_GROUP
1621,1,REMOVE_OBJ_FROM_GROUP
1621,3,CREATE_OBJECT
1621,3,UPDATE_RELATION
1621,3,ADD_OBJ_TO_GROUP
1621,3,SHRINK
1621,3,MOVE
1622,1,DELETE_RELATION
1622,1,CREATE_OBJECT
1622,1,UPDATE_RELATION
1622,1,MOVE
1626,2,DELETE_RELATION
1626,2,CREATE_OBJECT
1626,2,UPDATE_RELATION
1626,2,MOVE
1626,2,DELETE_RELATION
1626,2,CREATE_OBJECT
1626,2,UPDATE_RELATION
1626,2,MOVE
1629,2,DELETE_RELATION
1633,2,MOVE
1635,2,ENLARGE
1635,2,NORMAL
1638,2,ADD_OBJ_TO_GROUP
1638,2,SHRINK
1638,2,MOVE
1640,1,REMOVE_OBJ_FROM_GROUP
1640,2,REMOVE_OBJ_FROM_GROUP
1640,2,MOVE
1641,2,ENLARGE
1641,2,NORMAL
1641,1,ADD_OBJ_TO_GROUP
1641,1,DELETE_RELATION
1641,1,REMOVE_OBJ_FROM_GROUP
1641,1,REMOVE_OBJ_FROM_GROUP
1641,1,CREATE_OBJECT
1641,1,UPDATE_RELATION
1643,2,MOVE
1646,1,MOVE
1647,2,DELETE_RELATION
1649,3,SHRINK
1651,2,MOVE
1652,2,MOVE
1654,2,MOVE
1655,2,MOVE
1655,2,MOVE
1656,2,MOVE
1658,2,NORMAL
1660,2,NORMAL
1663,2,ROTATE
1671,1,MOVE
1690,3,ADD_OBJ_TO_GROUP
1690,3,SHRINK
1690,3,MOVE
1692,3,MOVE
1693,2,MOVE
1693,1,ADD_OBJ_TO_GROUP
1693,1,ADD_OBJ_TO_GROUP
1693,3,DELETE_RELATION
1693,1,REMOVE_OBJ_FROM_GROUP
1693,1,REMOVE_OBJ_FROM_GROUP
1693,1,REMOVE_OBJ_FROM_GROUP
1693,1,REMOVE_OBJ_FROM_GROUP
1693,3,CREATE_OBJECT
1693,3,UPDATE_RELATION
1693,3,ADD_OBJ_TO_GROUP
1693,3,SHRINK
1693,3,MOVE
1695,1,ADD_OBJ_TO_GROUP
1695,3,DELETE_RELATION
1695,1,REMOVE_OBJ_FROM_GROUP
1695,1,REMOVE_OBJ_FROM_GROUP
1695,1,REMOVE_OBJ_FROM_GROUP
1695,1,REMOVE_OBJ_FROM_GROUP
1695,1,REMOVE_OBJ_FROM_GROUP
1695,1,REMOVE_OBJ_FROM_GROUP
1695,3,CREATE_OBJECT
1695,3,UPDATE_RELATION
1695,3,ADD_OBJ_TO_GROUP
1695,3,SHRINK
1695,3,MOVE
1697,2,NORMAL
1697,3,NORMAL
1698,2,ROTATE
1698,3,NORMAL
1700,3,ROTATE
1701,2,MOVE
1702,3,MOVE
1703,1,MOVE
1703,2,ADD_OBJ_TO_GROUP
1703,2,SHRINK
1703,2,MOVE
1704,2,MOVE
1707,2,CREATE_OBJECT
1707,1,CREATE_OBJECT
1708,1,MOVE
1710,1,REMOVE_OBJ_FROM_GROUP
1710,1,REMOVE_OBJ_FROM_GROUP
1710,2,CREATE_OBJECT
1710,2,UPDATE_RELATION
1710,2,ADD_OBJ_TO_GROUP
1710,2,SHRINK
1710,2,MOVE
1710,1,MOVE
1711,2,MOVE
1713,1,ADD_OBJ_TO_GROUP
1713,2,DELETE_RELATION
1713,1,REMOVE_OBJ_FROM_GROUP
1713,1,REMOVE_OBJ_FROM_GROUP
1713,1,REMOVE_OBJ_FROM_GROUP
1714,1,REMOVE_OBJ_FROM_GROUP
1714,1,REMOVE_OBJ_FROM_GROUP
1714,1,REMOVE_OBJ_FROM_GROUP
1714,2,CREATE_OBJECT
1714,2,UPDATE_RELATION
1714,2,ADD_OBJ_TO_GROUP
1714,2,SHRINK
1716,2,MOVE
1721,3,CREATE_OBJECT
1723,3,MOVE
1725,3,CREATE_OBJECT
1726,3,MOVE
1728,3,CREATE_OBJECT
1730,3,CREATE_OBJECT
1730,2,CREATE_OBJECT
1733,3,MOVE
1734,2,UPDATE_RELATION
1734,2,SHRINK
1734,2,MOVE
1735,3,MOVE
1735,2,UPDATE_RELATION
1735,2,UPDATE_RELATION
1735,2,SHRINK
1737,2,MOVE
1737,3,CREATE_OBJECT
1737,3,CREATE_OBJECT
1739,2,UPDATE_RELATION
1739,1,REMOVE_OBJ_FROM_GROUP
1739,1,REMOVE_OBJ_FROM_GROUP
1739,2,UPDATE_RELATION
1739,2,SHRINK
1739,3,CREATE_OBJECT
1740,3,CREATE_OBJECT
1741,2,CREATE_OBJECT
1742,3,MOVE
1744,2,UPDATE_RELATION
1744,2,SHRINK
1744,2,MOVE
1744,3,MOVE
1746,3,MOVE
1748,3,MOVE
1751,3,MOVE
1752,3,MOVE
1754,3,MOVE
1761,2,MOVE
1765,2,MOVE
1770,2,MOVE
1770,3,ENLARGE
1772,2,MOVE
1776,2,MOVE
1776,3,SHRINK
1777,2,ENLARGE
1779,2,NORMAL
1781,2,MOVE
1783,3,ENLARGE
1783,2,MOVE
1784,3,MOVE
1784,2,NORMAL
1786,2,ROTATE
1786,3,NORMAL
1786,2,MOVE
1788,3,NORMAL
1791,3,ROTATE
1791,2,ADD_OBJ_TO_GROUP
1791,2,SHRINK
1791,2,MOVE
1792,2,MOVE
1795,2,NORMAL
1795,2,NORMAL
1798,2,NORMAL
1799,2,NORMAL
1799,3,ENLARGE
1802,2,NORMAL
1802,2,ROTATE
1804,2,MOVE
1809,3,MOVE
1809,3,MOVE
1810,2,MOVE
1810,3,SHRINK
1812,2,MOVE
1812,3,MOVE
1813,2,ENLARGE
1814,2,SHRINK
1816,2,MOVE
1817,2,MOVE
1819,2,NORMAL
1821,1,REMOVE_OBJ_FROM_GROUP
1821,2,REMOVE_OBJ_FROM_GROUP
1821,2,ROTATE
1821,3,MOVE
1823,3,ENLARGE
1823,2,ADD_OBJ_TO_GROUP
1823,2,SHRINK
1823,2,MOVE
1825,3,MOVE
1826,2,CREATE_OBJECT
1828,3,NORMAL
1829,1,REMOVE_OBJ_FROM_GROUP
1829,1,REMOVE_OBJ_FROM_GROUP
1829,2,UPDATE_RELATION
1829,2,SHRINK
1829,2,MOVE
1829,3,ROTATE
1830,3,MOVE
1831,3,MOVE
1833,1,MOVE
1839,2,SHRINK
1842,2,MOVE
1843,3,MOVE
1844,3,MOVE
1846,3,MOVE
1849,3,MOVE
1851,3,MOVE
1854,3,MOVE
1856,3,MOVE
1859,3,MOVE
1875,2,CREATE_OBJECT
1881,3,CREATE_OBJECT
1883,3,CREATE_OBJECT
1886,3,ADD_OBJ_TO_GROUP
1886,3,SHRINK
1898,2,MOVE
1900,2,MOVE
1902,2,ROTATE
1903,2,MOVE
1908,2,MOVE
1917,1,ENTER_GROUP_NAME
1919,1,MOVE
1922,2,MOVE
1924,2,MOVE
1926,2,MOVE
1929,1,REMOVE_OBJ_FROM_GROUP
1929,2,REMOVE_OBJ_FROM_GROUP
1929,2,MOVE
1930,2,DELETE_GROUP
1931,3,CREATE_OBJECT
1932,2,DELETE_NOTE
1932,1,UPDATE_NOTE
1938,3,MOVE
1954,2,MOVE
1957,3,MOVE
1958,3,ENLARGE
1959,2,MOVE
1960,3,MOVE
1962,2,MOVE
1974,2,ADD_OBJ_TO_GROUP
1974,2,SHRINK
1974,2,MOVE
1976,1,REMOVE_OBJ_FROM_GROUP
1976,2,REMOVE_OBJ_FROM_GROUP
1976,2,MOVE
1977,2,NORMAL
1979,2,NORMAL
1980,2,ROTATE
1989,3,SHRINK
1989,2,SHRINK
1990,2,NORMAL
1990,2,ADD_OBJ_TO_GROUP
1990,2,SHRINK
1990,2,MOVE
1992,2,MOVE
1996,2,ENLARGE
1996,3,MOVE
1997,2,SHRINK
2000,2,NORMAL
2002,2,ROTATE
2004,3,ADD_OBJ_TO_GROUP
2004,3,SHRINK
2004,3,MOVE
2004,2,MOVE
2007,1,REMOVE_OBJ_FROM_GROUP
2007,1,REMOVE_OBJ_FROM_GROUP
2007,1,REMOVE_OBJ_FROM_GROUP
2007,1,REMOVE_OBJ_FROM_GROUP
2007,2,CREATE_OBJECT
2007,2,UPDATE_RELATION
2007,2,ADD_OBJ_TO_GROUP
2007,2,SHRINK
2007,2,MOVE
2010,1,REMOVE_OBJ_FROM_GROUP
2010,1,REMOVE_OBJ_FROM_GROUP
2010,2,CREATE_OBJECT
2010,2,UPDATE_RELATION
2010,2,ADD_OBJ_TO_GROUP
2010,2,SHRINK
2010,2,MOVE
2011,2,MOVE
2016,3,MOVE
2018,3,ENLARGE
2020,3,SHRINK
2024,3,MOVE
2025,3,SHRINK
2025,3,NORMAL
2027,3,ROTATE
2029,3,MOVE
2030,1,REMOVE_OBJ_FROM_GROUP
2030,2,REMOVE_OBJ_FROM_GROUP
2030,2,MOVE
2030,3,MOVE
2032,2,ENLARGE
2032,3,MOVE
2034,1,ADD_OBJ_TO_GROUP
2034,3,DELETE_RELATION
2034,1,REMOVE_OBJ_FROM_GROUP
2034,1,REMOVE_OBJ_FROM_GROUP
2034,1,REMOVE_OBJ_FROM_GROUP
2034,1,REMOVE_OBJ_FROM_GROUP
2034,3,CREATE_OBJECT
2034,3,UPDATE_RELATION
2034,3,ADD_OBJ_TO_GROUP
2034,3,SHRINK
2034,3,MOVE
2035,2,MOVE
2035,3,MOVE
2037,1,ADD_OBJ_TO_GROUP
2037,3,DELETE_RELATION
2037,1,REMOVE_OBJ_FROM_GROUP
2037,1,REMOVE_OBJ_FROM_GROUP
2037,3,ADD_OBJ_TO_GROUP
2037,3,SHRINK
2037,3,MOVE
2039,3,MOVE
2040,1,REMOVE_OBJ_FROM_GROUP
2040,3,REMOVE_OBJ_FROM_GROUP
2040,3,MOVE
2042,2,SHRINK
2043,3,UPDATE_RELATION
2043,3,SHRINK
2043,3,MOVE
2044,2,ADD_OBJ_TO_GROUP
2044,2,SHRINK
2044,2,MOVE
2045,3,MOVE
2046,3,UPDATE_RELATION
2046,1,REMOVE_OBJ_FROM_GROUP
2046,1,REMOVE_OBJ_FROM_GROUP
2046,3,UPDATE_RELATION
2046,3,SHRINK
2050,3,MOVE
2055,3,MOVE
2057,2,MOVE
2059,2,MOVE
2060,2,MOVE
2062,2,MOVE
2065,1,MOVE
2069,1,SHRINK
2071,1,MOVE
2074,2,MOVE
2078,2,MOVE
2079,2,SHRINK
2080,2,NORMAL
2081,2,ROTATE
2082,2,MOVE
2084,2,NORMAL
2085,2,MOVE
2088,2,NORMAL
2090,2,MOVE
2092,2,ENLARGE
2095,2,NORMAL
2098,2,ENLARGE
2108,1,MOVE
2110,1,MOVE
2118,3,UPDATE_RELATION
2118,3,UPDATE_RELATION
2118,3,SHRINK
2118,3,MOVE
2125,3,MOVE
2127,3,MOVE
2141,1,MOVE
2149,2,DELETE_NOTE
2149,1,UPDATE_NOTE
2152,3,MOVE
2155,1,MOVE
2165,1,MOVE
2166,3,MOVE
2168,3,ADD_OBJ_TO_GROUP
2168,3,SHRINK
2168,3,MOVE
2168,2,MOVE
2170,1,NORMAL
2170,2,MOVE
2171,3,CREATE_OBJECT
2172,2,ENLARGE
2172,1,ENLARGE
2174,1,MOVE
2175,2,SHRINK
2178,2,MOVE
2179,2,MOVE
2179,1,REMOVE_OBJ_FROM_GROUP
2179,1,REMOVE_OBJ_FROM_GROUP
2179,3,UPDATE_RELATION
2179,3,SHRINK
2179,3,MOVE
2181,3,CREATE_OBJECT
2182,2,UPDATE_RELATION
2182,2,UPDATE_RELATION
2182,2,SHRINK
2183,3,NORMAL
2185,3,NORMAL
2186,2,CREATE_OBJECT
2186,2,UPDATE_RELATION
2186,2,UPDATE_RELATION
2186,2,UPDATE_RELATION
2186,2,ADD_OBJ_TO_GROUP
2186,2,SHRINK
2186,2,MOVE
2186,3,ROTATE
2187,2,UPDATE_RELATION
2187,1,REMOVE_OBJ_FROM_GROUP
2187,1,REMOVE_OBJ_FROM_GROUP
2187,2,UPDATE_RELATION
2187,2,SHRINK
2187,2,MOVE
2188,3,UPDATE_RELATION
2188,3,SHRINK
2188,3,MOVE
2189,2,SHRINK
2192,2,MOVE
2193,2,UPDATE_RELATION
2193,2,MOVE
2196,2,MOVE
2198,3,CREATE_OBJECT
2200,3,MOVE
2201,2,UPDATE_RELATION
2201,2,SHRINK
2201,2,MOVE
2201,1,MOVE
2201,3,CREATE_OBJECT
2202,3,CREATE_OBJECT
2203,3,CREATE_OBJECT
2204,3,CREATE_OBJECT
2206,3,CREATE_OBJECT
2206,1,MOVE
2206,3,CREATE_OBJECT
2208,3,CREATE_OBJECT
2209,3,CREATE_OBJECT
2222,1,ENTER_GROUP_NAME
2228,2,MOVE
2229,2,MOVE
2232,3,DELETE_GROUP
2232,3,MOVE
2235,3,MOVE
2235,1,MOVE
2236,3,MOVE
2236,1,MOVE
2237,1,MOVE
2237,3,MOVE
2238,1,MOVE
2239,1,MOVE
2240,1,MOVE
2240,3,MOVE
2241,3,MOVE
2243,3,MOVE
2244,3,MOVE
2248,3,UPDATE_RELATION
2248,3,SHRINK
2248,3,MOVE
2249,1,MOVE
2251,2,MOVE
2252,2,MOVE
2253,2,MOVE
2253,2,MOVE
2257,3,MOVE
2260,2,MOVE
2262,3,DELETE_NOTE
2262,1,UPDATE_NOTE
2266,3,MOVE
2267,2,MOVE
2270,1,MOVE
2273,2,MOVE
2304,1,MOVE
2306,2,MOVE
2308,2,NORMAL
2308,2,NORMAL
2308,2,NORMAL
2308,2,ADD_OBJ_TO_GROUP
2308,2,SHRINK
2308,2,ROTATE
2310,2,ENLARGE
2310,1,REMOVE_OBJ_FROM_GROUP
2310,2,REMOVE_OBJ_FROM_GROUP
2311,2,ADD_OBJ_TO_GROUP
2311,2,SHRINK
2311,2,MOVE
2313,1,REMOVE_OBJ_FROM_GROUP
2313,2,REMOVE_OBJ_FROM_GROUP
2313,2,MOVE
2315,2,ENLARGE
2336,2,ENLARGE
2336,2,SHRINK
2337,2,ADD_OBJ_TO_GROUP
2337,2,SHRINK
2340,1,REMOVE_OBJ_FROM_GROUP
2340,2,REMOVE_OBJ_FROM_GROUP
2340,2,MOVE
2340,2,MOVE
2342,2,ADD_OBJ_TO_GROUP
2342,2,SHRINK
2342,2,MOVE
2343,2,MOVE
2355,1,MOVE
2356,1,MOVE
2357,3,MOVE
2359,1,MOVE
2362,1,MOVE
2364,3,MOVE
2366,1,MOVE
2367,2,MOVE
2367,2,MOVE
2367,1,ENLARGE
2369,1,MOVE
2370,1,MOVE
2370,1,MOVE
2371,1,MOVE
2371,3,MOVE
2372,3,MOVE
2374,2,MOVE
2376,3,MOVE
2377,2,MOVE
2380,2,MOVE
2381,2,MOVE
2386,2,CREATE_OBJECT
2389,2,MOVE
2400,1,ENTER_GROUP_NAME
2404,2,MOVE
2404,2,MOVE
2406,2,ADD_OBJ_TO_GROUP
2406,2,SHRINK
2406,2,MOVE
2408,2,ADD_OBJ_TO_GROUP
2408,2,SHRINK
2408,2,MOVE
2411,2,MOVE
2415,2,MOVE
2416,2,SHRINK
2418,2,ROTATE
2419,2,MOVE
2420,3,MOVE
2421,3,ENLARGE
2422,3,NORMAL
2427,3,ROTATE
2429,3,CREATE_OBJECT
2429,3,UPDATE_RELATION
2429,3,MOVE
2436,1,ENLARGE
2436,2,MOVE
2438,2,ENLARGE
2438,1,MOVE
2440,2,SHRINK
2440,2,SHRINK
2441,2,ROTATE
2442,1,SHRINK
2445,2,ADD_OBJ_TO_GROUP
2445,2,SHRINK
2445,2,MOVE
2446,1,MOVE
2454,2,ADD_OBJ_TO_GROUP
2454,2,SHRINK
2454,2,MOVE
2454,2,MOVE
2459,1,MOVE
2460,3,ADD_OBJ_TO_GROUP
2460,3,SHRINK
2460,3,MOVE
2460,1,ENLARGE
2469,1,SHRINK
2473,2,MOVE
2475,3,MOVE
2475,1,ADD_OBJ_TO_GROUP
2475,1,SHRINK
2475,1,MOVE
2477,1,MOVE
2479,1,NORMAL
2480,1,NORMAL
2481,1,ROTATE
2483,1,MOVE
2485,1,ENLARGE
2486,3,MOVE
2486,2,ADD_OBJ_TO_GROUP
2486,2,SHRINK
2486,2,MOVE
2486,1,MOVE
2489,1,SHRINK
2490,1,NORMAL
2493,1,ADD_OBJ_TO_GROUP
2493,1,SHRINK
2493,1,MOVE
2493,1,SAVE
2493,1,INIT_STAGE3
2493,1,INTERACTION_TIME
2493,1,SLIP_INTERACTION
2493,1,GROUP_INTERACTION
2493,1,NOTES_INTERACTION
2493,1,REL_INTERACTION
2493,2,INTERACTION_TIME
2493,2,SLIP_INTERACTION
2493,2,GROUP_INTERACTION
2493,2,NOTES_INTERACTION
2493,2,REL_INTERACTION
2493,3,INTERACTION_TIME
2493,3,SLIP_INTERACTION
2493,3,GROUP_INTERACTION
2493,3,NOTES_INTERACTION
2493,3,REL_INTERACTION
2494,3,MOVE
2517,2,MOVE
2549,3,SHOW_STATISTICS
2549,1,INTERACTION_TIME
2549,1,SLIP_INTERACTION
2549,1,GROUP_INTERACTION
2549,1,NOTES_INTERACTION
2549,1,REL_INTERACTION
2549,2,INTERACTION_TIME
2549,2,SLIP_INTERACTION
2549,2,GROUP_INTERACTION
2549,2,NOTES_INTERACTION
2549,2,REL_INTERACTION
2549,3,INTERACTION_TIME
2549,3,SLIP_INTERACTION
2549,3,GROUP_INTERACTION
2549,3,NOTES_INTERACTION
2549,3,REL_INTERACTION
2553,2,MOVE
2567,3,CREATE_OBJECT
2570,3,MOVE
2574,3,MOVE
2589,1,PILED_SEQ
2594,1,CREATE_OBJECT
2594,1,UPDATE_NOTE
2606,2,MOVE
2608,3,MOVE
2611,1,MOVE
2611,3,CREATE_OBJECT
2618,1,MOVE
2619,1,ADD_OBJ_TO_GROUP
2619,1,SHRINK
2619,1,MOVE
2620,1,MOVE
2621,1,MOVE
2624,1,MOVE
2625,1,MOVE
2627,1,MOVE
2630,1,REMOVE_OBJ_FROM_GROUP
2630,1,REMOVE_OBJ_FROM_GROUP
2630,1,MOVE
2631,1,ENLARGE
2632,1,MOVE
2641,3,SHRINK
2641,3,NORMAL
2649,3,MOVE
2651,3,NORMAL
2651,3,ROTATE
2652,2,MOVE
2653,1,REMOVE_OBJ_FROM_GROUP
2653,2,REMOVE_OBJ_FROM_GROUP
2653,2,MOVE
2653,2,MOVE
2654,2,MOVE
2654,2,MOVE
2655,2,MOVE
2656,3,MOVE
2657,2,ADD_OBJ_TO_GROUP
2657,2,SHRINK
2657,2,MOVE
2662,1,CREATE_OBJECT
2664,1,MOVE
2664,2,CREATE_OBJECT
2665,3,MOVE
2666,2,SHOW_STATISTICS
2666,1,INTERACTION_TIME
2666,1,SLIP_INTERACTION
2666,1,GROUP_INTERACTION
2666,1,NOTES_INTERACTION
2666,1,REL_INTERACTION
2666,2,INTERACTION_TIME
2666,2,SLIP_INTERACTION
2666,2,GROUP_INTERACTION
2666,2,NOTES_INTERACTION
2666,2,REL_INTERACTION
2666,3,INTERACTION_TIME
2666,3,SLIP_INTERACTION
2666,3,GROUP_INTERACTION
2666,3,NOTES_INTERACTION
2666,3,REL_INTERACTION
2670,1,MOVE
2677,2,CREATE_OBJECT
2680,2,UPDATE_RELATION
2680,2,SHRINK
2680,2,MOVE
2681,2,UPDATE_RELATION
2681,2,MOVE
2682,1,CREATE_OBJECT
2684,3,CREATE_OBJECT
2684,3,CREATE_OBJECT
2684,1,MOVE
2685,3,CREATE_OBJECT
2685,3,CREATE_OBJECT
2685,1,REMOVE_OBJ_FROM_GROUP
2685,1,REMOVE_OBJ_FROM_GROUP
2686,1,REMOVE_OBJ_FROM_GROUP
2686,1,REMOVE_OBJ_FROM_GROUP
2686,1,REMOVE_OBJ_FROM_GROUP
2686,1,REMOVE_OBJ_FROM_GROUP
2686,2,CREATE_OBJECT
2686,2,UPDATE_RELATION
2686,2,ADD_OBJ_TO_GROUP
2686,2,SHRINK
2686,2,MOVE
2686,3,CREATE_OBJECT
2686,1,CREATE_OBJECT
2686,3,CREATE_OBJECT
2687,3,CREATE_OBJECT
2687,3,CREATE_OBJECT
2689,1,MOVE
2690,3,MOVE
2690,3,MOVE
2690,1,CREATE_OBJECT
2691,3,MOVE
2692,3,MOVE
2693,1,REMOVE_OBJ_FROM_GROUP
2693,1,REMOVE_OBJ_FROM_GROUP
2693,2,UPDATE_RELATION
2693,2,SHRINK
2693,2,MOVE
2694,3,MOVE
2695,3,MOVE
2696,1,CREATE_OBJECT
2696,3,MOVE
2697,2,MOVE
2698,3,MOVE
2699,2,ENLARGE
2700,2,NORMAL
2700,1,NORMAL
2703,1,ROTATE
2704,1,MOVE
2706,1,MOVE
2707,2,ROTATE
2708,1,NORMAL
2708,3,MOVE
2709,1,REMOVE_OBJ_FROM_GROUP
2709,1,REMOVE_OBJ_FROM_GROUP
2709,2,UPDATE_RELATION
2709,2,SHRINK
2709,2,MOVE
2710,2,UPDATE_RELATION
2710,2,SHRINK
2710,2,MOVE
2710,1,ADD_OBJ_TO_GROUP
2710,1,SHRINK
2710,1,ROTATE
2712,1,REMOVE_OBJ_FROM_GROUP
2712,1,REMOVE_OBJ_FROM_GROUP
2713,1,MOVE
2713,3,CREATE_OBJECT
2713,3,ADD_OBJ_TO_GROUP
2713,3,SHRINK
2713,1,MOVE
2714,2,UPDATE_RELATION
2714,2,MOVE
2716,3,UPDATE_RELATION
2716,3,MOVE
2716,2,NORMAL
2718,2,ROTATE
2720,2,UPDATE_RELATION
2720,2,SHRINK
2720,2,MOVE
2722,3,SHRINK
2722,3,NORMAL
2723,3,ROTATE
2725,3,NORMAL
2727,3,ROTATE
2729,1,NORMAL
2729,1,ROTATE
2731,3,NORMAL
2731,1,REMOVE_OBJ_FROM_GROUP
2731,1,REMOVE_OBJ_FROM_GROUP
2731,1,REMOVE_OBJ_FROM_GROUP
2731,1,REMOVE_OBJ_FROM_GROUP
2731,2,UPDATE_RELATION
2731,2,SHRINK
2731,2,MOVE
2731,1,MOVE
2732,3,ROTATE
2733,1,NORMAL
2733,1,ROTATE
2735,2,UPDATE_RELATION
2735,2,SHRINK
2735,2,MOVE
2736,1,NORMAL
2737,2,UPDATE_RELATION
2737,2,UPDATE_RELATION
2737,2,SHRINK
2737,2,MOVE
2738,1,ROTATE
2738,3,CREATE_OBJECT
2753,2,UPDATE_RELATION
2753,2,SHRINK
2753,2,MOVE
2756,2,UPDATE_RELATION
2756,2,SHRINK
2756,2,MOVE
2759,2,SHRINK
2759,2,NORMAL
2761,2,UPDATE_RELATION
2761,2,UPDATE_RELATION
2761,2,SHRINK
2761,2,ROTATE
2762,2,UPDATE_RELATION
2762,2,UPDATE_RELATION
2762,2,SHRINK
2794,2,MOVE
2800,2,MOVE
2802,2,UPDATE_RELATION
2802,2,SHRINK
2802,2,MOVE
2803,1,MOVE
2805,2,UPDATE_RELATION
2805,2,SHRINK
2805,2,MOVE
2805,1,MOVE
2806,1,MOVE
2807,2,UPDATE_RELATION
2807,2,SHRINK
2807,2,MOVE
2809,1,MOVE
2810,1,MOVE
2811,2,CREATE_OBJECT
2813,2,CREATE_OBJECT
2814,1,MOVE
2817,2,UPDATE_RELATION
2817,2,SHRINK
2817,2,MOVE
2818,1,MOVE
2821,2,NORMAL
2821,2,NORMAL
2822,2,ENLARGE
2823,2,UPDATE_RELATION
2823,2,UPDATE_RELATION
2823,2,SHRINK
2823,2,ROTATE
2825,2,UPDATE_RELATION
2825,2,UPDATE_RELATION
2825,2,SHRINK
2825,2,MOVE
2827,2,UPDATE_RELATION
2827,2,UPDATE_RELATION
2827,2,SHRINK
2827,2,MOVE
2834,2,UPDATE_RELATION
2834,2,ADD_OBJ_TO_GROUP
2834,2,SHRINK
2834,2,MOVE
2837,2,CREATE_OBJECT
2838,2,CREATE_OBJECT
2838,2,CREATE_OBJECT
2841,2,SHRINK
2841,2,NORMAL
2841,2,ROTATE
2845,2,UPDATE_RELATION
2845,2,SHRINK
2845,2,MOVE
2848,2,UPDATE_RELATION
2848,2,SHRINK
2848,2,MOVE
2849,2,MOVE
2851,2,UPDATE_RELATION
2851,2,SHRINK
2851,2,MOVE
2853,2,UPDATE_RELATION
2853,2,UPDATE_RELATION
2853,2,SHRINK
2853,1,MOVE
2855,1,MOVE
2858,2,ENLARGE
2859,2,NORMAL
2860,2,UPDATE_RELATION
2860,2,UPDATE_RELATION
2860,2,SHRINK
2860,2,ROTATE
2862,2,UPDATE_RELATION
2862,1,REMOVE_OBJ_FROM_GROUP
2862,1,REMOVE_OBJ_FROM_GROUP
2862,2,UPDATE_RELATION
2862,2,SHRINK
2862,2,MOVE
2864,2,ENLARGE
2864,2,NORMAL
2865,2,ENLARGE
2866,2,NORMAL
2867,2,UPDATE_RELATION
2867,2,UPDATE_RELATION
2867,2,SHRINK
2867,2,ROTATE
2868,2,UPDATE_RELATION
2868,2,UPDATE_RELATION
2868,2,SHRINK
2874,3,MOVE
2875,1,MOVE
2878,3,MOVE
2881,3,MOVE
2881,1,MOVE
2902,1,MOVE
2906,1,MOVE
2907,1,MOVE
2910,1,MOVE
2912,1,SHRINK
2913,1,REMOVE_OBJ_FROM_GROUP
2913,3,REMOVE_OBJ_FROM_GROUP
2914,1,NORMAL
2917,1,MOVE
2918,1,SHRINK
2918,2,CREATE_OBJECT
2921,1,MOVE
2921,2,CREATE_OBJECT
2923,3,CREATE_OBJECT
2924,1,MOVE
3021,1,MOVE
3029,1,MOVE
3032,2,MOVE
3037,2,MOVE
3042,2,MOVE
3066,1,ENTER_GROUP_NAME
3070,2,MOVE
3070,2,MOVE
3070,2,MOVE
3093,3,MOVE
3118,2,MOVE
3197,1,LINEAR_SEQ
3197,2,MOVE
3209,1,MOVE
3210,1,MOVE
3273,3,MOVE
3277,1,CREATE_OBJECT
3277,1,UPDATE_NOTE
3277,1,SAVE
3278,1,CLOSING
3278,1,INTERACTION_TIME
3278,1,SLIP_INTERACTION
3278,1,GROUP_INTERACTION
3278,1,NOTES_INTERACTION
3278,1,REL_INTERACTION
3278,2,INTERACTION_TIME
3278,2,SLIP_INTERACTION
3278,2,GROUP_INTERACTION
3278,2,NOTES_INTERACTION
3278,2,REL_INTERACTION
3278,3,INTERACTION_TIME
3278,3,SLIP_INTERACTION
3278,3,GROUP_INTERACTION
3278,3,NOTES_INTERACTION
3278,3,REL_INTERACTION
3278,1,UPDATE_NOTE
3278,1,UPDATE_NOTE
3278,1,UPDATE_NOTE
3278,1,UPDATE_NOTE
3278,1,UPDATE_NOTE
3278,1,UPDATE_NOTE
3278,1,UPDATE_NOTE
