80,1,ENLARGE
96,1,SHRINK
98,1,MOVE
98,3,SHRINK
99,3,ENLARGE
100,3,MOVE
121,3,SHRINK
122,3,MOVE
123,2,MOVE
123,3,MOVE
126,3,ENLARGE
128,3,MOVE
136,3,SHRINK
137,3,MOVE
138,2,MOVE
139,2,ENLARGE
140,2,MOVE
145,2,SHRINK
147,2,MOVE
148,1,MOVE
149,1,ENLARGE
149,1,NORMAL
150,1,ROTATE
153,1,NORMAL
154,1,ROTATE
158,1,NORMAL
159,1,ROTATE
165,1,SHRINK
167,1,MOVE
168,1,MOVE
168,3,ENLARGE
169,1,MOVE
170,3,MOVE
171,1,MOVE
175,3,SHRINK
176,3,MOVE
178,1,MOVE
179,1,MOVE
179,1,MOVE
182,2,MOVE
183,2,ENLARGE
184,2,MOVE
196,2,SHRINK
197,2,MOVE
198,1,ENLARGE
198,2,MOVE
208,1,SHRINK
210,1,MOVE
212,3,MOVE
212,2,MOVE
213,1,MOVE
213,3,ENLARGE
213,2,MOVE
215,3,MOVE
216,3,MOVE
216,1,MOVE
217,1,MOVE
219,3,SHRINK
221,3,MOVE
222,2,ENLARGE
223,2,MOVE
231,2,SHRINK
233,2,MOVE
235,1,MOVE
235,2,MOVE
235,3,MOVE
237,3,ENLARGE
238,3,MOVE
238,3,MOVE
243,3,SHRINK
246,3,MOVE
247,1,ENLARGE
255,1,MOVE
263,1,SHRINK
265,3,MOVE
266,1,MOVE
266,3,ENLARGE
267,3,MOVE
269,3,SHRINK
270,3,MOVE
270,3,MOVE
272,3,MOVE
272,2,MOVE
273,3,ENLARGE
274,3,MOVE
275,3,MOVE
282,3,SHRINK
285,3,MOVE
286,1,MOVE
286,3,MOVE
287,1,MOVE
288,2,ENLARGE
289,1,MOVE
290,2,MOVE
296,2,SHRINK
299,2,MOVE
299,1,ENLARGE
303,1,MOVE
307,1,SHRINK
310,3,ENLARGE
310,1,MOVE
311,3,MOVE
313,1,MOVE
318,3,SHRINK
319,3,MOVE
324,1,MOVE
325,2,MOVE
326,1,ENLARGE
326,2,MOVE
327,2,MOVE
327,1,MOVE
333,1,SHRINK
335,1,MOVE
337,3,MOVE
338,2,MOVE
339,3,MOVE
340,3,ENLARGE
341,2,NORMAL
341,1,MOVE
342,1,MOVE
343,1,MOVE
343,2,MOVE
344,3,MOVE
344,1,MOVE
345,2,SHRINK
345,1,MOVE
346,1,MOVE
347,2,MOVE
347,3,MOVE
354,3,SHRINK
356,3,MOVE
357,2,MOVE
358,2,MOVE
359,2,MOVE
360,2,ENLARGE
362,2,MOVE
366,3,SHRINK
368,3,MOVE
370,1,MOVE
370,2,MOVE
372,3,MOVE
372,2,NORMAL
374,2,MOVE
378,1,ENLARGE
379,2,SHRINK
381,1,MOVE
381,2,MOVE
385,1,MOVE
390,1,SHRINK
392,3,ENLARGE
393,1,MOVE
395,3,MOVE
401,3,SHRINK
404,3,MOVE
405,3,MOVE
407,3,MOVE
408,3,ENLARGE
415,3,SHRINK
416,3,MOVE
418,2,MOVE
419,2,NORMAL
421,2,MOVE
429,2,SHRINK
430,2,MOVE
431,3,MOVE
432,3,ENLARGE
432,1,SAVE
433,1,INIT_STAGE2
433,1,INTERACTION_TIME
433,1,SLIP_INTERACTION
433,2,INTERACTION_TIME
433,2,SLIP_INTERACTION
433,3,INTERACTION_TIME
433,3,SLIP_INTERACTION
435,3,MOVE
448,3,MOVE
449,1,CREATE_OBJECT
455,3,MOVE
472,3,MOVE
472,2,MOVE
482,1,ENTER_GROUP_NAME
485,2,MOVE
486,2,MOVE
488,3,MOVE
489,3,MOVE
490,3,MOVE
492,3,MOVE
494,3,DELETE_GROUP
497,3,MOVE
498,3,SHRINK
499,3,MOVE
508,1,MOVE
513,3,MOVE
513,2,MOVE
517,1,MOVE
518,2,NORMAL
519,1,MOVE
519,3,MOVE
520,3,MOVE
521,2,SHRINK
521,3,MOVE
522,1,MOVE
523,2,CREATE_OBJECT
529,1,ENTER_GROUP_NAME
531,3,MOVE
533,1,CREATE_OBJECT
541,1,ENTER_GROUP_NAME
544,1,ADD_OBJ_TO_GROUP
544,1,SHRINK
544,1,MOVE
547,2,MOVE
547,1,ADD_OBJ_TO_GROUP
547,1,SHRINK
547,1,MOVE
547,2,MOVE
548,2,ADD_OBJ_TO_GROUP
548,2,SHRINK
548,2,MOVE
550,1,ADD_OBJ_TO_GROUP
550,1,SHRINK
550,1,MOVE
550,2,MOVE
551,1,MOVE
551,2,MOVE
552,1,NORMAL
552,3,MOVE
555,2,MOVE
556,2,MOVE
557,1,SHRINK
557,3,MOVE
557,2,NORMAL
558,3,NORMAL
560,2,MOVE
560,3,SHRINK
561,1,MOVE
562,3,ADD_OBJ_TO_GROUP
562,3,SHRINK
562,3,MOVE
562,2,MOVE
563,2,MOVE
563,1,MOVE
565,1,MOVE
567,1,MOVE
568,1,MOVE
569,1,MOVE
571,1,MOVE
574,2,SHRINK
577,2,MOVE
581,2,CREATE_OBJECT
584,1,MOVE
594,1,ENTER_GROUP_NAME
597,2,MOVE
599,2,MOVE
600,2,MOVE
601,2,MOVE
601,2,MOVE
602,2,MOVE
604,2,MOVE
606,2,MOVE
609,2,ADD_OBJ_TO_GROUP
609,2,SHRINK
609,2,MOVE
609,2,MOVE
610,2,MOVE
612,1,MOVE
612,3,MOVE
614,3,ENLARGE
616,3,MOVE
617,3,SHRINK
618,3,MOVE
622,3,ENLARGE
623,3,SHRINK
627,3,ADD_OBJ_TO_GROUP
627,3,SHRINK
627,3,MOVE
628,3,MOVE
631,3,MOVE
632,3,ENLARGE
635,3,MOVE
638,3,SHRINK
639,3,MOVE
642,3,MOVE
643,3,MOVE
644,3,MOVE
645,3,MOVE
645,3,MOVE
647,3,ADD_OBJ_TO_GROUP
647,3,SHRINK
647,3,MOVE
648,3,MOVE
649,3,MOVE
651,2,MOVE
651,3,MOVE
651,3,MOVE
652,2,MOVE
653,2,NORMAL
653,3,ADD_OBJ_TO_GROUP
653,3,SHRINK
653,3,MOVE
655,3,MOVE
655,2,MOVE
659,2,MOVE
661,2,SHRINK
664,2,MOVE
665,3,MOVE
666,3,MOVE
668,3,MOVE
669,3,CREATE_OBJECT
670,1,CREATE_OBJECT
671,3,CREATE_OBJECT
671,3,UPDATE_RELATION
671,3,MOVE
671,2,NORMAL
674,2,SHRINK
674,3,ADD_OBJ_TO_GROUP
674,3,SHRINK
674,3,MOVE
677,2,ADD_OBJ_TO_GROUP
677,2,SHRINK
677,2,MOVE
683,3,MOVE
684,3,CREATE_OBJECT
685,1,REMOVE_OBJ_FROM_GROUP
685,1,REMOVE_OBJ_FROM_GROUP
685,3,UPDATE_RELATION
685,3,SHRINK
685,3,MOVE
694,3,MOVE
695,3,CREATE_OBJECT
699,3,UPDATE_RELATION
699,3,MOVE
701,3,MOVE
701,3,MOVE
702,3,UPDATE_RELATION
702,3,UPDATE_RELATION
703,3,MOVE
709,3,MOVE
711,2,MOVE
711,3,MOVE
712,2,NORMAL
712,3,MOVE
713,2,MOVE
717,2,SHRINK
719,2,MOVE
720,1,MOVE
722,2,MOVE
723,2,MOVE
727,2,ADD_OBJ_TO_GROUP
727,2,SHRINK
727,2,MOVE
728,3,MOVE
729,1,ENLARGE
729,2,MOVE
730,3,ENLARGE
731,2,NORMAL
732,3,SHRINK
732,1,ADD_OBJ_TO_GROUP
732,1,SHRINK
732,1,MOVE
732,2,MOVE
733,2,MOVE
736,1,REMOVE_OBJ_FROM_GROUP
736,1,REMOVE_OBJ_FROM_GROUP
736,1,MOVE
737,2,SHRINK
737,1,NORMAL
739,2,MOVE
742,3,ADD_OBJ_TO_GROUP
742,3,SHRINK
742,3,MOVE
742,1,MOVE
747,1,MOVE
748,1,MOVE
757,1,MOVE
758,1,MOVE
824,3,MOVE
825,3,ENLARGE
827,3,MOVE
831,2,CREATE_OBJECT
837,2,MOVE
843,1,ENTER_GROUP_NAME
846,2,MOVE
847,2,MOVE
848,2,MOVE
850,3,DELETE_GROUP
852,3,MOVE
852,2,MOVE
853,3,MOVE
854,3,MOVE
855,3,MOVE
855,2,MOVE
856,3,MOVE
857,2,MOVE
862,1,MOVE
864,1,SHRINK
871,3,CREATE_OBJECT
874,3,MOVE
879,1,ENTER_GROUP_NAME
881,2,CREATE_OBJECT
886,1,ENTER_GROUP_NAME
888,2,MOVE
889,2,MOVE
891,1,ADD_OBJ_TO_GROUP
891,1,SHRINK
891,1,MOVE
892,3,MOVE
893,2,SHRINK
894,1,REMOVE_OBJ_FROM_GROUP
894,3,ADD_OBJ_TO_GROUP
894,3,SHRINK
894,3,MOVE
895,2,ADD_OBJ_TO_GROUP
895,2,SHRINK
895,2,MOVE
896,3,MOVE
898,1,NORMAL
899,2,MOVE
901,2,NORMAL
902,1,SHRINK
902,2,MOVE
902,1,REMOVE_OBJ_FROM_GROUP
902,1,REMOVE_OBJ_FROM_GROUP
907,2,MOVE
908,2,SHRINK
909,2,ADD_OBJ_TO_GROUP
909,2,SHRINK
910,2,SHRINK
910,2,ROTATE
910,1,MOVE
911,1,REMOVE_OBJ_FROM_GROUP
911,3,REMOVE_OBJ_FROM_GROUP
911,3,MOVE
911,1,REMOVE_OBJ_FROM_GROUP
911,2,REMOVE_OBJ_FROM_GROUP
911,2,MOVE
912,3,NORMAL
912,1,MOVE
914,2,ADD_OBJ_TO_GROUP
914,2,SHRINK
914,2,MOVE
914,3,MOVE
915,3,SHRINK
916,1,MOVE
917,3,ADD_OBJ_TO_GROUP
917,3,SHRINK
917,3,MOVE
918,3,MOVE
918,1,MOVE
926,2,MOVE
928,2,MOVE
930,2,NORMAL
932,3,ADD_OBJ_TO_GROUP
932,3,SHRINK
932,3,MOVE
933,2,SHRINK
936,2,ADD_OBJ_TO_GROUP
936,2,SHRINK
936,2,MOVE
939,3,MOVE
940,2,MOVE
940,3,SHRINK
941,3,NORMAL
942,2,NORMAL
943,3,SHRINK
943,2,MOVE
945,3,MOVE
946,2,MOVE
946,3,MOVE
948,3,MOVE
948,2,SHRINK
949,3,ADD_OBJ_TO_GROUP
949,3,SHRINK
949,3,MOVE
951,2,ADD_OBJ_TO_GROUP
951,2,SHRINK
951,2,MOVE
952,2,MOVE
955,3,MOVE
957,3,NORMAL
957,1,REMOVE_OBJ_FROM_GROUP
957,3,REMOVE_OBJ_FROM_GROUP
958,3,MOVE
960,3,SHRINK
960,3,ADD_OBJ_TO_GROUP
960,3,SHRINK
961,3,MOVE
963,1,REMOVE_OBJ_FROM_GROUP
963,2,REMOVE_OBJ_FROM_GROUP
963,2,MOVE
964,2,NORMAL
965,2,MOVE
969,2,SHRINK
970,2,ADD_OBJ_TO_GROUP
970,2,SHRINK
970,2,MOVE
971,2,MOVE
972,2,MOVE
975,3,MOVE
976,3,MOVE
978,1,REMOVE_OBJ_FROM_GROUP
978,3,REMOVE_OBJ_FROM_GROUP
978,3,MOVE
979,1,CREATE_OBJECT
979,1,UPDATE_RELATION
979,1,MOVE
981,3,ADD_OBJ_TO_GROUP
981,3,SHRINK
981,3,MOVE
983,3,NORMAL
985,3,MOVE
986,3,MOVE
989,3,SHRINK
991,1,MOVE
991,3,ADD_OBJ_TO_GROUP
991,3,SHRINK
991,3,MOVE
994,3,MOVE
995,1,MOVE
995,3,MOVE
996,3,MOVE
999,3,MOVE
1005,1,NORMAL
1010,1,ADD_OBJ_TO_GROUP
1010,1,SHRINK
1010,1,MOVE
1014,1,MOVE
1015,1,CREATE_OBJECT
1017,1,REMOVE_OBJ_FROM_GROUP
1017,1,REMOVE_OBJ_FROM_GROUP
1017,1,REMOVE_OBJ_FROM_GROUP
1017,1,REMOVE_OBJ_FROM_GROUP
1017,1,CREATE_OBJECT
1017,1,UPDATE_RELATION
1017,1,ADD_OBJ_TO_GROUP
1017,1,SHRINK
1017,1,MOVE
1018,1,MOVE
1020,1,MOVE
1020,2,MOVE
1021,2,NORMAL
1022,2,MOVE
1027,2,SHRINK
1029,2,ADD_OBJ_TO_GROUP
1029,2,SHRINK
1029,2,MOVE
1032,3,NORMAL
1034,3,MOVE
1035,3,MOVE
1039,3,SHRINK
1040,3,MOVE
1047,3,CREATE_OBJECT
1054,3,MOVE
1080,1,ENTER_GROUP_NAME
1082,3,MOVE
1084,3,MOVE
1086,1,CREATE_OBJECT
1112,1,ENTER_GROUP_NAME
1122,2,MOVE
1124,2,NORMAL
1128,2,MOVE
1129,3,MOVE
1130,2,MOVE
1132,2,MOVE
1133,2,MOVE
1134,2,MOVE
1135,2,DELETE_GROUP
1138,3,MOVE
1138,3,MOVE
1139,3,MOVE
1141,3,MOVE
1142,3,ADD_OBJ_TO_GROUP
1142,3,SHRINK
1142,3,MOVE
1142,1,SAVE
1142,1,INIT_STAGE3
1142,1,INTERACTION_TIME
1142,1,SLIP_INTERACTION
1142,1,GROUP_INTERACTION
1142,1,NOTES_INTERACTION
1142,1,REL_INTERACTION
1142,2,INTERACTION_TIME
1142,2,SLIP_INTERACTION
1142,2,GROUP_INTERACTION
1142,2,NOTES_INTERACTION
1142,2,REL_INTERACTION
1142,3,INTERACTION_TIME
1142,3,SLIP_INTERACTION
1142,3,GROUP_INTERACTION
1142,3,NOTES_INTERACTION
1142,3,REL_INTERACTION
1153,3,MOVE
1168,3,MOVE
1179,1,REMOVE_OBJ_FROM_GROUP
1179,1,REMOVE_OBJ_FROM_GROUP
1179,1,ADD_OBJ_TO_GROUP
1179,1,SHRINK
1179,1,MOVE
1181,3,MOVE
1186,3,MOVE
1187,3,MOVE
1189,2,MOVE
1236,2,CREATE_OBJECT
1237,3,MOVE
1238,2,MOVE
1239,2,ADD_OBJ_TO_GROUP
1239,2,SHRINK
1239,2,MOVE
1240,2,MOVE
1242,3,MOVE
1266,1,REMOVE_OBJ_FROM_GROUP
1266,2,REMOVE_OBJ_FROM_GROUP
1266,2,MOVE
1267,2,NORMAL
1269,2,MOVE
1274,2,CREATE_OBJECT
1276,1,REMOVE_OBJ_FROM_GROUP
1276,3,REMOVE_OBJ_FROM_GROUP
1276,3,MOVE
1277,3,MOVE
1278,1,REMOVE_OBJ_FROM_GROUP
1278,3,REMOVE_OBJ_FROM_GROUP
1278,3,MOVE
1279,3,ADD_OBJ_TO_GROUP
1279,3,SHRINK
1279,3,MOVE
1280,3,MOVE
1280,1,UPDATE_RELATION
1280,1,MOVE
1283,1,MOVE
1285,1,UPDATE_RELATION
1285,1,MOVE
1285,3,MOVE
1287,1,MOVE
1289,1,CREATE_OBJECT
1289,1,UPDATE_RELATION
1289,1,UPDATE_RELATION
1289,1,MOVE
1292,1,MOVE
1296,1,UPDATE_RELATION
1296,1,MOVE
1298,1,UPDATE_RELATION
1298,1,MOVE
1300,1,MOVE
1302,1,UPDATE_RELATION
1302,1,MOVE
1303,1,MOVE
1304,1,UPDATE_RELATION
1304,1,MOVE
1305,1,MOVE
1306,1,MOVE
1307,1,UPDATE_RELATION
1307,1,MOVE
1308,2,MOVE
1309,1,UPDATE_RELATION
1309,1,UPDATE_RELATION
1309,1,MOVE
1309,2,MOVE
1311,2,MOVE
1312,1,MOVE
1314,1,MOVE
1315,3,MOVE
1316,1,MOVE
1319,1,MOVE
1320,2,MOVE
1322,2,NORMAL
1325,1,REMOVE_OBJ_FROM_GROUP
1325,2,REMOVE_OBJ_FROM_GROUP
1326,2,ADD_OBJ_TO_GROUP
1326,2,SHRINK
1326,2,MOVE
1327,1,REMOVE_OBJ_FROM_GROUP
1327,3,REMOVE_OBJ_FROM_GROUP
1327,3,MOVE
1327,1,REMOVE_OBJ_FROM_GROUP
1327,2,REMOVE_OBJ_FROM_GROUP
1327,2,MOVE
1328,2,NORMAL
1330,2,MOVE
1335,2,SHRINK
1336,2,MOVE
1337,2,MOVE
1338,1,MOVE
1340,1,REMOVE_OBJ_FROM_GROUP
1340,1,REMOVE_OBJ_FROM_GROUP
1340,1,MOVE
1341,3,MOVE
1342,1,CREATE_OBJECT
1344,1,ADD_OBJ_TO_GROUP
1344,1,ADD_OBJ_TO_GROUP
1344,3,DELETE_RELATION
1344,1,REMOVE_OBJ_FROM_GROUP
1344,1,REMOVE_OBJ_FROM_GROUP
1344,3,ADD_OBJ_TO_GROUP
1344,3,SHRINK
1344,3,MOVE
1344,1,CREATE_OBJECT
1345,3,MOVE
1346,2,NORMAL
1346,3,NORMAL
1348,3,MOVE
1349,1,REMOVE_OBJ_FROM_GROUP
1349,3,REMOVE_OBJ_FROM_GROUP
1349,3,MOVE
1349,2,SHRINK
1351,2,MOVE
1352,1,MOVE
1352,3,MOVE
1353,2,MOVE
1354,1,NORMAL
1357,1,SHRINK
1358,3,MOVE
1359,1,MOVE
1363,1,CREATE_OBJECT
1363,1,UPDATE_RELATION
1363,1,MOVE
1366,1,MOVE
1370,3,SHRINK
1372,3,MOVE
1376,1,REMOVE_OBJ_FROM_GROUP
1376,3,REMOVE_OBJ_FROM_GROUP
1376,3,MOVE
1378,3,NORMAL
1380,3,SHRINK
1384,3,MOVE
1385,3,MOVE
1388,3,MOVE
1393,3,CREATE_OBJECT
1396,3,CREATE_OBJECT
1396,3,UPDATE_RELATION
1396,3,MOVE
1397,3,MOVE
1399,1,MOVE
1403,1,REMOVE_OBJ_FROM_GROUP
1403,1,REMOVE_OBJ_FROM_GROUP
1403,1,MOVE
1405,1,MOVE
1410,3,MOVE
1410,3,MOVE
1411,3,MOVE
1416,3,MOVE
1424,3,NORMAL
1426,1,REMOVE_OBJ_FROM_GROUP
1426,3,REMOVE_OBJ_FROM_GROUP
1426,3,MOVE
1430,3,SHRINK
1431,3,ADD_OBJ_TO_GROUP
1431,3,SHRINK
1434,1,REMOVE_OBJ_FROM_GROUP
1434,3,REMOVE_OBJ_FROM_GROUP
1434,3,MOVE
1437,3,MOVE
1438,3,NORMAL
1438,3,DELETE_RELATION
1438,3,CREATE_OBJECT
1438,3,UPDATE_RELATION
1439,3,DELETE_RELATION
1439,3,CREATE_OBJECT
1439,3,UPDATE_RELATION
1439,3,MOVE
1440,3,DELETE_RELATION
1440,3,MOVE
1443,3,MOVE
1444,3,MOVE
1445,3,CREATE_OBJECT
1445,3,UPDATE_RELATION
1445,3,MOVE
1448,3,MOVE
1450,3,MOVE
1452,3,CREATE_OBJECT
1452,1,MOVE
1454,3,NORMAL
1457,3,ROTATE
1459,3,NORMAL
1460,3,NORMAL
1461,3,NORMAL
1462,3,ROTATE
1463,3,MOVE
1464,3,MOVE
1465,3,MOVE
1466,3,MOVE
1471,1,MOVE
1472,1,MOVE
1473,1,UPDATE_RELATION
1473,1,MOVE
1477,1,MOVE
1479,3,MOVE
1480,3,ENLARGE
1481,3,MOVE
1484,3,MOVE
1486,3,SHRINK
1486,2,MOVE
1487,2,NORMAL
1489,2,MOVE
1489,1,REMOVE_OBJ_FROM_GROUP
1489,3,REMOVE_OBJ_FROM_GROUP
1489,3,MOVE
1491,3,MOVE
1491,1,REMOVE_OBJ_FROM_GROUP
1491,2,REMOVE_OBJ_FROM_GROUP
1491,2,MOVE
1492,2,MOVE
1492,3,CREATE_OBJECT
1493,2,ADD_OBJ_TO_GROUP
1493,2,SHRINK
1493,2,MOVE
1494,3,ENLARGE
1494,2,NORMAL
1494,3,NORMAL
1495,1,REMOVE_OBJ_FROM_GROUP
1495,2,REMOVE_OBJ_FROM_GROUP
1496,3,ROTATE
1497,2,MOVE
1499,3,UPDATE_RELATION
1499,3,MOVE
1502,3,MOVE
1503,2,MOVE
1505,2,MOVE
1506,3,NORMAL
1506,3,NORMAL
1507,3,UPDATE_RELATION
1507,3,UPDATE_RELATION
1507,3,ROTATE
1512,2,MOVE
1523,1,UPDATE_RELATION
1523,1,MOVE
1524,1,MOVE
1525,1,UPDATE_RELATION
1525,1,MOVE
1528,2,MOVE
1531,3,SHRINK
1532,3,MOVE
1536,3,MOVE
1536,2,MOVE
1537,1,MOVE
1537,2,MOVE
1538,2,MOVE
1539,2,NORMAL
1540,1,MOVE
1540,2,MOVE
1545,2,ENLARGE
1546,2,SHRINK
1546,1,REMOVE_OBJ_FROM_GROUP
1546,2,REMOVE_OBJ_FROM_GROUP
1547,2,ADD_OBJ_TO_GROUP
1547,2,SHRINK
1547,2,MOVE
1550,2,MOVE
1552,1,REMOVE_OBJ_FROM_GROUP
1552,3,REMOVE_OBJ_FROM_GROUP
1552,3,MOVE
1553,2,MOVE
1554,2,NORMAL
1559,1,REMOVE_OBJ_FROM_GROUP
1559,2,REMOVE_OBJ_FROM_GROUP
1560,2,ADD_OBJ_TO_GROUP
1560,2,SHRINK
1560,2,MOVE
1562,1,REMOVE_OBJ_FROM_GROUP
1562,1,REMOVE_OBJ_FROM_GROUP
1562,1,MOVE
1564,1,REMOVE_OBJ_FROM_GROUP
1564,2,REMOVE_OBJ_FROM_GROUP
1564,2,MOVE
1566,2,MOVE
1567,2,NORMAL
1568,1,REMOVE_OBJ_FROM_GROUP
1568,1,REMOVE_OBJ_FROM_GROUP
1568,1,MOVE
1577,2,SHRINK
1577,1,MOVE
1577,1,REMOVE_OBJ_FROM_GROUP
1577,2,REMOVE_OBJ_FROM_GROUP
1579,1,MOVE
1579,2,MOVE
1581,2,MOVE
1582,2,MOVE
1582,1,CREATE_OBJECT
1582,3,MOVE
1584,2,MOVE
1584,1,CREATE_OBJECT
1584,1,UPDATE_RELATION
1584,1,MOVE
1585,3,MOVE
1586,3,MOVE
1586,3,MOVE
1587,2,MOVE
1587,3,MOVE
1588,3,DELETE_GROUP
1588,2,MOVE
1588,3,MOVE
1589,3,MOVE
1589,3,MOVE
1590,3,SHOW_STATISTICS
1590,1,INTERACTION_TIME
1590,1,SLIP_INTERACTION
1590,1,GROUP_INTERACTION
1590,1,NOTES_INTERACTION
1590,1,REL_INTERACTION
1590,2,INTERACTION_TIME
1590,2,SLIP_INTERACTION
1590,2,GROUP_INTERACTION
1590,2,NOTES_INTERACTION
1590,2,REL_INTERACTION
1590,3,INTERACTION_TIME
1590,3,SLIP_INTERACTION
1590,3,GROUP_INTERACTION
1590,3,NOTES_INTERACTION
1590,3,REL_INTERACTION
1595,3,MOVE
1595,3,MOVE
1598,1,MOVE
1603,3,MOVE
1604,1,DELETE_RELATION
1604,1,MOVE
1606,1,MOVE
1607,1,CREATE_OBJECT
1607,1,UPDATE_RELATION
1607,1,MOVE
1607,3,MOVE
1609,3,NORMAL
1611,3,MOVE
1612,3,MOVE
1613,3,MOVE
1613,3,MOVE
1614,3,MOVE
1614,3,MOVE
1614,3,MOVE
1618,2,MOVE
1620,2,MOVE
1621,2,MOVE
1623,2,MOVE
1624,2,MOVE
1625,2,MOVE
1626,2,MOVE
1628,2,MOVE
1629,2,MOVE
1630,2,MOVE
1631,2,MOVE
1634,2,MOVE
1636,2,MOVE
1637,2,MOVE
1638,2,MOVE
1641,3,MOVE
1642,3,NORMAL
1644,3,MOVE
1646,3,MOVE
1648,3,MOVE
1649,1,MOVE
1650,1,SHRINK
1650,1,NORMAL
1652,1,REMOVE_OBJ_FROM_GROUP
1652,3,REMOVE_OBJ_FROM_GROUP
1652,3,MOVE
1653,3,ADD_OBJ_TO_GROUP
1653,3,SHRINK
1653,1,MOVE
1654,1,REMOVE_OBJ_FROM_GROUP
1654,3,REMOVE_OBJ_FROM_GROUP
1655,3,NORMAL
1663,1,NORMAL
1666,3,MOVE
1666,1,MOVE
1667,3,MOVE
1669,1,MOVE
1670,1,MOVE
1675,1,MOVE
1676,1,MOVE
1678,1,MOVE
1679,2,MOVE
1680,1,MOVE
1681,2,SHRINK
1683,2,MOVE
1686,1,MOVE
1692,1,MOVE
1696,3,MOVE
1697,3,MOVE
1697,1,MOVE
1698,1,REMOVE_OBJ_FROM_GROUP
1698,3,ADD_OBJ_TO_GROUP
1698,3,SHRINK
1698,3,MOVE
1699,3,MOVE
1700,3,MOVE
1701,1,REMOVE_OBJ_FROM_GROUP
1701,3,REMOVE_OBJ_FROM_GROUP
1701,3,ADD_OBJ_TO_GROUP
1701,3,SHRINK
1701,3,MOVE
1702,3,MOVE
1703,3,MOVE
1704,3,MOVE
1705,3,MOVE
1708,1,MOVE
1709,1,MOVE
1711,2,MOVE
1715,3,MOVE
1718,3,DELETE_GROUP
1721,3,DELETE_GROUP
1724,1,MOVE
1727,3,MOVE
1728,3,SHRINK
1728,3,NORMAL
1730,3,MOVE
1731,2,MOVE
1732,2,MOVE
1734,2,MOVE
1735,1,REMOVE_OBJ_FROM_GROUP
1735,3,REMOVE_OBJ_FROM_GROUP
1736,2,MOVE
1738,3,NORMAL
1742,2,NORMAL
1742,2,ADD_OBJ_TO_GROUP
1742,2,SHRINK
1743,3,SHRINK
1744,1,REMOVE_OBJ_FROM_GROUP
1744,3,REMOVE_OBJ_FROM_GROUP
1746,3,MOVE
1748,2,NORMAL
1748,2,NORMAL
1748,2,ROTATE
1749,2,MOVE
1752,3,SHRINK
1756,3,MOVE
1757,3,MOVE
1760,3,MOVE
1761,3,MOVE
1762,3,MOVE
1763,2,CREATE_OBJECT
1765,2,NORMAL
1767,2,ROTATE
1769,3,CREATE_OBJECT
1770,2,UPDATE_RELATION
1770,2,MOVE
1773,2,MOVE
1774,2,UPDATE_RELATION
1774,2,UPDATE_RELATION
1774,2,MOVE
1778,2,NORMAL
1782,2,SHRINK
1787,2,SHRINK
1787,2,CREATE_OBJECT
1787,2,UPDATE_RELATION
1787,2,UPDATE_RELATION
1787,2,UPDATE_RELATION
1789,2,CREATE_OBJECT
1789,2,UPDATE_RELATION
1789,2,UPDATE_RELATION
1789,2,UPDATE_RELATION
1789,2,MOVE
1791,2,NORMAL
1792,2,UPDATE_RELATION
1792,2,UPDATE_RELATION
1792,2,ROTATE
1794,2,MOVE
1796,2,UPDATE_RELATION
1796,2,UPDATE_RELATION
1798,1,MOVE
1805,3,MOVE
1806,2,MOVE
1809,1,MOVE
1818,1,MOVE
1820,1,CREATE_OBJECT
1820,1,UPDATE_RELATION
1820,1,UPDATE_RELATION
1820,1,MOVE
1823,1,MOVE
1825,1,NORMAL
1827,1,ROTATE
1830,1,MOVE
1832,1,MOVE
1833,2,MOVE
1834,1,NORMAL
1835,2,MOVE
1837,1,ROTATE
1837,2,NORMAL
1838,2,MOVE
1840,1,UPDATE_RELATION
1840,1,MOVE
1842,2,SHRINK
1844,1,CREATE_OBJECT
1845,2,MOVE
1845,1,CREATE_OBJECT
1846,2,MOVE
1847,1,MOVE
1849,1,NORMAL
1851,1,UPDATE_RELATION
1851,1,ROTATE
1853,1,REMOVE_OBJ_FROM_GROUP
1853,2,REMOVE_OBJ_FROM_GROUP
1853,2,MOVE
1854,2,NORMAL
1855,1,UPDATE_RELATION
1855,1,UPDATE_RELATION
1855,1,MOVE
1857,1,MOVE
1859,2,MOVE
1861,1,MOVE
1863,2,SHRINK
1868,2,MOVE
1872,2,MOVE
1873,3,MOVE
1874,2,MOVE
1875,2,NORMAL
1876,3,MOVE
1878,3,NORMAL
1878,2,MOVE
1879,3,ROTATE
1880,2,SHRINK
1881,1,MOVE
1881,3,UPDATE_RELATION
1881,3,MOVE
1882,2,MOVE
1886,1,UPDATE_RELATION
1886,1,UPDATE_RELATION
1886,1,MOVE
1887,2,MOVE
1888,1,MOVE
1893,2,MOVE
1895,2,MOVE
1896,3,MOVE
1898,3,MOVE
1899,3,MOVE
1901,3,ENLARGE
1909,3,SHRINK
1909,1,REMOVE_OBJ_FROM_GROUP
1909,3,REMOVE_OBJ_FROM_GROUP
1915,3,MOVE
1916,3,MOVE
1924,2,MOVE
1924,1,MOVE
1924,2,NORMAL
1926,2,MOVE
1927,1,MOVE
1929,3,SHRINK
1930,1,MOVE
1932,3,MOVE
1935,1,MOVE
1936,3,MOVE
1937,1,REMOVE_OBJ_FROM_GROUP
1937,3,REMOVE_OBJ_FROM_GROUP
1938,2,MOVE
1938,3,ADD_OBJ_TO_GROUP
1938,3,SHRINK
1940,3,NORMAL
1944,3,SHRINK
1944,3,ADD_OBJ_TO_GROUP
1944,3,SHRINK
1946,3,MOVE
1949,1,REMOVE_OBJ_FROM_GROUP
1949,3,REMOVE_OBJ_FROM_GROUP
1949,3,MOVE
1951,3,MOVE
1953,3,ADD_OBJ_TO_GROUP
1953,3,SHRINK
1953,3,MOVE
1954,3,MOVE
1955,3,NORMAL
1957,1,REMOVE_OBJ_FROM_GROUP
1957,3,REMOVE_OBJ_FROM_GROUP
1958,3,MOVE
1959,3,MOVE
1959,3,MOVE
1962,3,MOVE
1972,3,MOVE
1974,1,NORMAL
1977,1,MOVE
1980,3,SHRINK
1984,1,SHRINK
1988,1,MOVE
1989,3,MOVE
1989,2,CREATE_OBJECT
1991,1,SHRINK
1993,3,UPDATE_RELATION
1993,3,MOVE
1995,1,UPDATE_RELATION
1995,1,MOVE
1996,2,UPDATE_RELATION
1996,2,MOVE
2001,3,MOVE
2002,3,NORMAL
2003,1,REMOVE_OBJ_FROM_GROUP
2003,3,REMOVE_OBJ_FROM_GROUP
2003,3,MOVE
2006,3,DELETE_GROUP
2007,3,MOVE
2008,2,MOVE
2009,3,MOVE
2010,3,NORMAL
2011,3,MOVE
2013,3,MOVE
2014,1,REMOVE_OBJ_FROM_GROUP
2014,3,REMOVE_OBJ_FROM_GROUP
2014,3,MOVE
2015,3,DELETE_GROUP
2016,3,MOVE
2028,2,MOVE
2037,2,SHRINK
2039,2,MOVE
2042,3,MOVE
2047,3,MOVE
2049,3,NORMAL
2051,3,SHRINK
2053,3,MOVE
2224,1,CREATE_OBJECT
2224,1,UPDATE_NOTE
2224,1,SAVE
2224,1,CLOSING
2224,1,INTERACTION_TIME
2224,1,SLIP_INTERACTION
2224,1,GROUP_INTERACTION
2224,1,NOTES_INTERACTION
2224,1,REL_INTERACTION
2224,2,INTERACTION_TIME
2224,2,SLIP_INTERACTION
2224,2,GROUP_INTERACTION
2224,2,NOTES_INTERACTION
2224,2,REL_INTERACTION
2224,3,INTERACTION_TIME
2224,3,SLIP_INTERACTION
2224,3,GROUP_INTERACTION
2224,3,NOTES_INTERACTION
2224,3,REL_INTERACTION
2224,1,UPDATE_NOTE
2224,1,UPDATE_NOTE
2224,1,UPDATE_NOTE
2224,1,UPDATE_NOTE
2224,1,UPDATE_NOTE
